"","chr","pos","rz.WBBMD","rz.FemBMD"
"D1Mit427","1",1.6556,0.313393716318808,1.81725282833158
"c1.loc2","1",3.6556,0.334887656227787,1.52385962644418
"c1.loc4","1",5.6556,0.334615635908448,1.18158627284809
"c1.loc6","1",7.6556,0.319848572971071,0.82862638317856
"c1.loc8","1",9.6556,0.316248190538033,0.59563782791424
"c1.loc10","1",11.6556,0.285737850477178,0.465939922108058
"D1Mit70","1",12.432,0.269126710252779,0.450039442492569
"c1.loc12","1",13.6556,0.254714438459091,0.446495244156141
"c1.loc14","1",15.6556,0.228375533296567,0.476347194566864
"c1.loc16","1",17.6556,0.178416789084202,0.413081554548624
"c1.loc18","1",19.6556,0.125150222193827,0.3589659560543
"D1Mit322","1",20.7,0.0822736694728999,0.303523678902539
"c1.loc20","1",21.6556,0.105483212776329,0.319829768749394
"c1.loc22","1",23.6556,0.148892047127021,0.334418633207472
"c1.loc24","1",25.6556,0.177008650664214,0.379791838165601
"c1.loc26","1",27.6556,0.233312550942271,0.393127410419312
"c1.loc28","1",29.6556,0.236986755415717,0.437129928098976
"c1.loc30","1",31.6556,0.219265509196552,0.459803257931163
"c1.loc32","1",33.6556,0.200732389039837,0.471271309081581
"c1.loc34","1",35.6556,0.157022242275175,0.503713479380659
"D1Mit380","1",36.943,0.125367408352384,0.491251751367273
"c1.loc36","1",37.6556,0.107855671036341,0.563211032080754
"c1.loc38","1",39.6556,0.0895192755652463,0.810484270403776
"c1.loc40","1",41.6556,0.0617319596631217,1.02778716603744
"c1.loc42","1",43.6556,0.0484637097903821,1.26096700940825
"D1Mit83","1",43.943,0.0490379499084465,1.29260958963882
"c1.loc44","1",45.6556,0.0765342359060656,1.30294286239187
"c1.loc46","1",47.6556,0.115544936869374,1.23748780961645
"D1Mit135","1",49.453,0.142607653645168,1.15849309207418
"c1.loc48","1",49.6556,0.135736620411795,1.19260123389980
"c1.loc50","1",51.6556,0.054932542514798,1.48167938158144
"D1Mit191","1",52.664,0.0222611197015652,1.60704102706336
"c1.loc52","1",53.6556,0.0712051001247969,1.63714393980216
"c1.loc54","1",55.6556,0.24791319015562,1.74478412830040
"c1.loc56","1",57.6556,0.492024719338145,1.82478997303349
"c1.loc58","1",59.6556,0.765395230959857,1.76535036827957
"c1.loc60","1",61.6556,1.04385327208928,1.77728899894270
"c1.loc62","1",63.6556,1.30931573579895,1.68061357138382
"D1Mit200","1",63.838,1.33286438885497,1.6644100388384
"c1.loc64","1",65.6556,1.32801473385521,1.38175773227297
"c1.loc66","1",67.6556,1.37946221516905,1.08357940051660
"D1Mit267","1",67.708,1.38623333130639,1.07713935141978
"c1.loc68","1",69.6556,1.45907404754202,1.17952772210750
"c1.loc70","1",71.6556,1.49582062457869,1.24617574035583
"c1.loc72","1",73.6556,1.49524909960036,1.28968699659695
"D1Mit110","1",75.104,1.48946951778717,1.2295129965718
"c1.loc74","1",75.6556,1.77699214107979,1.29291085261776
"c1.loc76","1",77.6556,2.82553795974909,1.49673585323201
"c1.loc78","1",79.6556,3.77215407892166,1.73455010380623
"D1Mit206","1",80.332,4.02674038364966,1.71933308672953
"D1Mit150","1",81.082,4.11053669044895,1.48564954363573
"c1.loc80","1",81.6556,4.14770507957462,1.42833480361919
"c1.loc82","1",83.6556,4.3445224354536,1.32123140526831
"c1.loc84","1",85.6556,4.4511562699626,1.15319194797411
"c1.loc86","1",87.6556,4.48873181622369,1.06069657345531
"D1Mit291","1",88.9743,4.47830981319989,1.06125220236606
"c1.loc88","1",89.6556,4.35460986433406,1.11965753383188
"c1.loc90","1",91.6556,3.87067189477084,1.2141528455261
"c1.loc92","1",93.6556,3.33014842775738,1.29185985808675
"c1.loc94","1",95.6556,2.78106972008848,1.35936704116131
"D1Mit511","1",97.3036,2.34675420106294,1.41647035361401
"D2Mit80","2",14.7016,5.17966666844898,0.33934100141852
"c2.loc2","2",16.7016,5.44903252247699,0.337041015682193
"D2Mit81","2",16.7281,5.45134861616727,0.335696019875083
"c2.loc4","2",18.7016,5.65401979150184,0.186504396833706
"c2.loc6","2",20.7016,5.62517643850928,0.124457760399043
"D2Mit152","2",21.806,5.43980277774596,0.139664169898558
"c2.loc8","2",22.7016,5.68495399371599,0.180197930858964
"c2.loc10","2",24.7016,6.07630643684766,0.246993523507619
"c2.loc12","2",26.7016,6.50346504448373,0.292908918147186
"c2.loc14","2",28.7016,6.78705688283646,0.358554652864173
"c2.loc16","2",30.7016,6.88894028633272,0.431291641087694
"c2.loc18","2",32.7016,7.13301513322714,0.461255554671989
"c2.loc20","2",34.7016,7.59048682525108,0.503236399942663
"c2.loc22","2",36.7016,7.76141773439172,0.580473611775708
"c2.loc24","2",38.7016,7.77125379071532,0.63653172839924
"D2Mit91","2",39.2358,7.7148827097711,0.658279236858891
"c2.loc26","2",40.7016,8.01924745640689,0.764705773849216
"c2.loc28","2",42.7016,8.16659349821015,0.86203397544567
"c2.loc30","2",44.7016,8.253125155694,0.94208522620646
"c2.loc32","2",46.7016,8.22106403852206,1.01968432016035
"c2.loc34","2",48.7016,8.16948130941566,1.02014114678064
"D2Mit272","2",50.2281,7.95209696573456,1.03645681817064
"c2.loc36","2",50.7016,8.1163030030212,1.04981208860585
"c2.loc38","2",52.7016,8.32366892497801,0.986839707053069
"D2Mit12","2",54.3179,8.03935049884668,0.851659141879896
"c2.loc40","2",54.7016,8.12440884562641,0.917348037947319
"D2Mit480","2",56.654,7.705508907547,1.19849952171559
"c2.loc42","2",56.7016,7.70737006088534,1.21119725186118
"c2.loc44","2",58.7016,7.57599758320518,1.71826146111832
"D2Mit62","2",59.343,7.39538548162034,1.85017730563306
"D2Mit164","2",60.692,6.99634906023503,1.76653877604374
"c2.loc46","2",60.7016,6.9924135330358,1.76721252698425
"c2.loc48","2",62.7016,6.71840960851982,2.02688783652795
"c2.loc50","2",64.7016,6.4528479121741,2.32741818648924
"c2.loc52","2",66.7016,5.84942319373839,2.52489446866245
"c2.loc54","2",68.7016,5.14413266964589,2.78606167040234
"D2Mit166","2",69.7983,4.84275368123647,2.89790199389559
"c2.loc56","2",70.7016,4.79466514456558,2.82882859587693
"c2.loc58","2",72.7016,4.67533315055466,2.60034599928802
"c2.loc60","2",74.7016,4.29543133830591,2.30158451626774
"D2Mit59","2",75.32,4.11486625786142,2.18961865698834
"c2.loc62","2",76.7016,4.09950725114777,2.23521431311287
"c2.loc64","2",78.7016,3.89040729005054,2.19737644505183
"c2.loc66","2",80.7016,3.72403562034631,2.17897593396646
"c2.loc68","2",82.7016,3.46329237570561,2.09091086053132
"c2.loc70","2",84.7016,3.25830919968853,2.08994025817028
"c2.loc72","2",86.7016,3.10515416066726,2.10771430800139
"c2.loc74","2",88.7016,2.92582919522649,2.06140376339039
"c2.loc76","2",90.7016,2.57519107424441,2.09209036633316
"c2.loc78","2",92.7016,2.35572273779866,2.0165875553706
"c2.loc80","2",94.7016,2.17602929581704,1.87134861737325
"c2.loc82","2",96.7016,1.97240407184081,1.77801435744622
"c2.loc84","2",98.7016,1.67060485896041,1.7264070435651
"c2.loc86","2",100.7016,1.48110448453493,1.57524870276458
"D2Mit200","2",102.2932,1.27249032781840,1.48173860281088
"D3Mit164","3",2.0125,0.611735469945743,0.38184715589939
"c3.loc2","3",4.0125,0.197042724475334,0.214345284600977
"D3Mit54","3",4.26,0.162970214937286,0.194640007192661
"c3.loc4","3",6.0125,0.238984448179381,0.298404968066304
"c3.loc6","3",8.0125,0.30418619336866,0.401586863279426
"c3.loc8","3",10.0125,0.354339319511688,0.494277487382035
"c3.loc10","3",12.0125,0.402599489618588,0.59085537602578
"c3.loc12","3",14.0125,0.449990177000604,0.68018024980169
"D3Mit167","3",15.6403,0.441319244916581,0.734305609272046
"c3.loc14","3",16.0125,0.463044136551438,0.762665091098937
"c3.loc16","3",18.0125,0.566866734265187,0.929037487730516
"c3.loc18","3",20.0125,0.710570194245364,1.09514837805036
"c3.loc20","3",22.0125,0.861519514631235,1.30291514151673
"c3.loc22","3",24.0125,1.00622966704860,1.45733360857394
"c3.loc24","3",26.0125,1.11694006035313,1.59994082453025
"D3Mit185","3",27.7285,1.15809108827134,1.73588976073179
"c3.loc26","3",28.0125,1.23696066005218,1.74847004040276
"c3.loc28","3",30.0125,1.80789802921092,1.84634969312152
"c3.loc30","3",32.0125,2.26598574352130,1.98923035315440
"c3.loc32","3",34.0125,2.84534311593773,2.01486009484199
"c3.loc34","3",36.0125,3.51387553833033,2.07459723193587
"c3.loc36","3",38.0125,3.91066492384436,2.04968842106580
"D3Mit40","3",38.185,3.93401946795798,2.05465891425288
"c3.loc38","3",40.0125,3.39025763903165,1.60021263729700
"c3.loc40","3",42.0125,2.68508185382858,1.09924005339912
"D3Mit12","3",43.711,2.09423757452559,0.724279308139344
"c3.loc42","3",44.0125,2.12087679692045,0.7157795493576
"c3.loc44","3",46.0125,2.32394756851936,0.736932381354083
"c3.loc46","3",48.0125,2.42255706770462,0.692164248798977
"D3Mit78","3",48.814,2.43239353514938,0.656561023502099
"c3.loc48","3",50.0125,2.43685475019136,0.676789933727147
"c3.loc50","3",52.0125,2.33830409427287,0.730749465448435
"c3.loc52","3",54.0125,2.17269256726556,0.723458718927115
"c3.loc54","3",56.0125,2.06929187701448,0.745988989777267
"c3.loc56","3",58.0125,1.93420809781407,0.756296665841297
"c3.loc58","3",60.0125,1.80791084673181,0.769090593938337
"c3.loc60","3",62.0125,1.53716623170682,0.720983089941918
"c3.loc62","3",64.0125,1.4073982016057,0.655375448173206
"c3.loc64","3",66.0125,1.19076965750741,0.592231705702657
"c3.loc66","3",68.0125,1.07679000565154,0.509828523254324
"c3.loc68","3",70.0125,0.908894925171661,0.44631623689238
"c3.loc70","3",72.0125,0.734561060996431,0.368699796674427
"D3Mit200","3",72.4074,0.699764206953673,0.357474094473006
"c3.loc72","3",74.0125,0.686160287794515,0.377087916873629
"c3.loc74","3",76.0125,0.683156496736932,0.377336149328157
"c3.loc76","3",78.0125,0.646925550686521,0.364899572398245
"c3.loc78","3",80.0125,0.625920979309357,0.335577296395761
"D3Mit19","3",80.73,0.60085768109424,0.328004667011044
"D4Mit263","4",4.2235,0.110629871704742,0.712273454939491
"c4.loc2","4",6.2235,0.184037397293429,0.648220940918961
"c4.loc4","4",8.2235,0.286673562206459,0.541632587379195
"c4.loc6","4",10.2235,0.448262200839703,0.382710045395609
"c4.loc8","4",12.2235,0.640379642954836,0.190033398898926
"D4Mit193","4",13.9885,0.758842540809057,0.0453062179743332
"c4.loc10","4",14.2235,0.760213813826241,0.0451931667574608
"c4.loc12","4",16.2235,0.9404237097085,0.0574133560015435
"c4.loc14","4",18.2235,1.13315354731132,0.069702407242908
"c4.loc16","4",20.2235,1.26725849247246,0.0899033702591719
"c4.loc18","4",22.2235,1.337842591959,0.139668017552321
"D4Mit237","4",22.6144,1.33740451337360,0.153906382240681
"c4.loc20","4",24.2235,1.48636337259769,0.157162043815652
"c4.loc22","4",26.2235,1.47835810894654,0.180554715723656
"c4.loc24","4",28.2235,1.53990443222781,0.194298863274692
"c4.loc26","4",30.2235,1.56635383852396,0.201192727178208
"c4.loc28","4",32.2235,1.66354542798461,0.252647591970903
"c4.loc30","4",34.2235,1.70563884375895,0.266316451671914
"D4Mit142","4",36.058,1.64035881953492,0.283384695948455
"c4.loc32","4",36.2235,1.63065496484760,0.292567259135969
"c4.loc34","4",38.2235,1.23262954342626,0.375033224359581
"c4.loc36","4",40.2235,1.02967253898763,0.392361449316897
"D4Mit327","4",40.687,0.990365925919416,0.3915382760255
"c4.loc38","4",42.2235,1.24585913523698,0.382916377895234
"c4.loc40","4",44.2235,1.58502894892002,0.367533944940694
"c4.loc42","4",46.2235,1.93496255410940,0.36216343937295
"c4.loc44","4",48.2235,2.29893420758536,0.339525083416011
"c4.loc46","4",50.2235,2.63846255808512,0.315093580800339
"D4Mit146","4",51.3558,2.77884653809343,0.285248151391436
"c4.loc48","4",52.2235,2.99041934881035,0.356318380673887
"c4.loc50","4",54.2235,3.51683087233634,0.542426700519993
"c4.loc52","4",56.2235,3.97319541926133,0.658665874324012
"D4Mit12","4",57.7648,4.21576409467959,0.785223244743328
"c4.loc54","4",58.2235,4.44036801640551,0.850942028090682
"c4.loc56","4",60.2235,5.28549195185088,1.15912997914486
"c4.loc58","4",62.2235,6.20090015515721,1.50176328401026
"c4.loc60","4",64.2235,6.97439858158633,1.77278226601182
"c4.loc62","4",66.2235,7.49984691525627,1.99621068771456
"D4Mit204","4",66.255,7.51278726591395,2.00256697407600
"c4.loc64","4",68.2235,8.59043231697016,2.65791462574219
"c4.loc66","4",70.2235,9.73510223683575,3.43470026919344
"c4.loc68","4",72.2235,10.6036912907786,3.8593239466538
"D4Mit48","4",73.4078,10.9691161811751,4.01441774128944
"c4.loc70","4",74.2235,10.8688867013717,4.01050626991348
"c4.loc72","4",76.2235,10.1985011585271,4.0728519336251
"c4.loc74","4",78.2235,9.36857334490021,3.83165882519895
"c4.loc76","4",80.2235,8.38691469858427,3.61070057403929
"D4Mit33","4",81.4341,7.71545819750575,3.46634426467315
"c4.loc78","4",82.2235,6.95008463379333,3.03554340035348
"D4Mit42","4",82.6371,6.48871792817363,2.50069501534041
"D5Mit1","5",7.9966,0.22725830502398,0.133810150759527
"c5.loc2","5",9.9966,0.259873030707598,0.243441275518331
"c5.loc4","5",11.9966,0.237417371749428,0.349037415462882
"c5.loc6","5",13.9966,0.212257659807188,0.438771025461476
"c5.loc8","5",15.9966,0.157929561615974,0.47347708244564
"c5.loc10","5",17.9966,0.0957994224660475,0.521186587197592
"D5Mit268","5",18.0363,0.094122759512142,0.522169252419413
"c5.loc12","5",19.9966,0.146251245214523,0.611748527040749
"c5.loc14","5",21.9966,0.186311927977062,0.651725151522284
"c5.loc16","5",23.9966,0.22223179574517,0.705568291302044
"c5.loc18","5",25.9966,0.225010603934491,0.808655423440651
"c5.loc20","5",27.9966,0.198001048027888,0.850659524304297
"D5Mit233","5",28.5474,0.191931916427944,0.87589477024074
"c5.loc22","5",29.9966,0.143379543122134,0.919812753495197
"c5.loc24","5",31.9966,0.125120380906375,0.852090649497688
"D5Mit197","5",32.919,0.120272719435975,0.795765500164278
"c5.loc26","5",33.9966,0.132721458709701,0.835369875145352
"c5.loc28","5",35.9966,0.160377130794587,0.790715796097014
"c5.loc30","5",37.9966,0.132837855773510,0.746492783133178
"c5.loc32","5",39.9966,0.107750347114710,0.58459788667002
"c5.loc34","5",41.9966,0.0843727440053268,0.421852793683087
"D5Mit309","5",42.215,0.0801180161187272,0.398437430318272
"c5.loc36","5",43.9966,0.0975749085342425,0.50353718262137
"c5.loc38","5",45.9966,0.114211093736188,0.572431889593942
"c5.loc40","5",47.9966,0.106796168521711,0.655153291658279
"c5.loc42","5",49.9966,0.103380169544093,0.726115470825274
"c5.loc44","5",51.9966,0.0667959630505068,0.730784822249667
"D5Mit240","5",53.238,0.0387008134717792,0.740841689997041
"c5.loc46","5",53.9966,0.0457527568548595,0.781871111565295
"c5.loc48","5",55.9966,0.0563132083135808,0.844287373984757
"c5.loc50","5",57.9966,0.0632511310945458,0.904367553165276
"c5.loc52","5",59.9966,0.0656579272260771,0.96602269131734
"c5.loc54","5",61.9966,0.0623260789892434,0.956734813765163
"c5.loc56","5",63.9966,0.0541440418486794,0.952042980030181
"D5Mit320","5",65.2476,0.0416266477213192,0.946789779855958
"c5.loc58","5",65.9966,0.0566091615374592,0.927080471030704
"c5.loc60","5",67.9966,0.126705872857278,0.918863323223581
"c5.loc62","5",69.9966,0.216765941426485,0.923118900573754
"c5.loc64","5",71.9966,0.255631667358351,0.907186818008514
"c5.loc66","5",73.9966,0.362334476824504,0.840561791284083
"c5.loc68","5",75.9966,0.476614606963179,0.797445308675165
"c5.loc70","5",77.9966,0.659582500663442,0.816689522301303
"c5.loc72","5",79.9966,0.770062865745294,0.763982014503858
"c5.loc74","5",81.9966,0.940603229857613,0.663485708982364
"c5.loc76","5",83.9966,1.03284475781930,0.583197854841879
"D5Mit409","5",85.165,1.08695001740755,0.513665013763576
"D6Mit138","6",1.806,0.249750365150430,0.423216743583578
"c6.loc2","6",3.806,0.328722115205651,0.471394971693508
"c6.loc4","6",5.806,0.353257787867344,0.48556659499419
"c6.loc6","6",7.806,0.376171174686263,0.479625950023355
"c6.loc8","6",9.806,0.418306970886705,0.363477557938238
"D6Mit116","6",11.5048,0.397800673397681,0.277948262108697
"c6.loc10","6",11.806,0.386331721179354,0.287092071979638
"c6.loc12","6",13.806,0.387154771769281,0.298959134587432
"c6.loc14","6",15.806,0.390515706538394,0.330481420844856
"c6.loc16","6",17.806,0.450343475434196,0.346787959275412
"c6.loc18","6",19.806,0.51839137489736,0.317636358559931
"c6.loc20","6",21.806,0.556046167501944,0.274457381127703
"D6Mit74","6",23.6972,0.580228468045078,0.231465849548628
"c6.loc22","6",23.806,0.577517541000261,0.241003666271720
"c6.loc24","6",25.806,0.555989959028833,0.378420940070449
"c6.loc26","6",27.806,0.552121938843577,0.516904628557037
"c6.loc28","6",29.806,0.509790901469983,0.657748329312664
"c6.loc30","6",31.806,0.42224397639608,0.745085312385447
"D6Mit243","6",32.272,0.405623013570597,0.76263409886127
"c6.loc32","6",33.806,0.42521244502103,0.699280341715337
"c6.loc34","6",35.806,0.391866070133324,0.604780953189471
"c6.loc36","6",37.806,0.364511895721657,0.449698923510487
"D6Mit263","6",39.713,0.338089571972902,0.306627263363873
"c6.loc38","6",39.806,0.341869513519404,0.311596011299048
"c6.loc40","6",41.806,0.422440895857997,0.257647659890126
"c6.loc42","6",43.806,0.429439003015443,0.245118438429355
"c6.loc44","6",45.806,0.446224544435613,0.186798464769187
"c6.loc46","6",47.806,0.441865398872712,0.122865395265224
"D6Mit39","6",49.34,0.408707315218401,0.0765234441947628
"c6.loc48","6",49.806,0.437543751116454,0.091919170310159
"c6.loc50","6",51.806,0.56016175227912,0.130451414317523
"D6Mit55","6",53.049,0.586950840893073,0.121007928228266
"c6.loc52","6",53.806,0.685434426081221,0.105562986420373
"c6.loc54","6",55.806,0.888953171138191,0.0692599812851463
"c6.loc56","6",57.806,1.16190776956871,0.0581497732226628
"c6.loc58","6",59.806,1.41757527723662,0.061905259204727
"c6.loc60","6",61.806,1.61171775182437,0.0707289772798706
"D6Mit194","6",62.8977,1.71430124739697,0.0981153264252975
"c6.loc62","6",63.806,1.82292887232934,0.131444962660976
"c6.loc64","6",65.806,2.05352133842623,0.201875214010838
"c6.loc66","6",67.806,2.18571339208714,0.272990884223595
"c6.loc68","6",69.806,2.22072365775015,0.350716034335276
"c6.loc70","6",71.806,2.25536001745409,0.428767873433589
"c6.loc72","6",73.806,2.13974039963036,0.431797049058827
"c6.loc74","6",75.806,2.00062896835786,0.437029252666845
"D6Mit15","6",77.701,1.78638114893556,0.42785090285591
"D7Mit57","7",9.9373,2.36813838379134,4.13008295654371
"c7.loc2","7",11.9373,2.88555890511117,4.61140105354215
"c7.loc4","7",13.9373,3.19439580718571,4.57043975975016
"D7Mit114","7",15.4196,3.32462403063798,4.32788830363355
"c7.loc6","7",15.9373,3.28597148383192,4.26915514046692
"c7.loc8","7",17.9373,3.09686975346478,4.04145973875927
"D7Mit246","7",18.9,2.96572529738171,3.85049021994965
"c7.loc10","7",19.9373,2.93199934276455,4.00467092167241
"c7.loc12","7",21.9373,2.69954969062267,4.25614997686545
"c7.loc14","7",23.9373,2.38035540323716,4.09776560234208
"c7.loc16","7",25.9373,2.11421991548057,4.06459046230089
"c7.loc18","7",27.9373,1.87771250953872,3.95494274090184
"c7.loc20","7",29.9373,1.57887967771490,3.65739604734039
"D7Mit230","7",31.443,1.35379475467388,3.45294935227275
"c7.loc22","7",31.9373,1.27108656883666,3.47672273377458
"c7.loc24","7",33.9373,0.887821042588783,3.07260396517154
"D7Mit297","7",35.2812,0.661295968828621,2.74005425746145
"c7.loc26","7",35.9373,0.631541437267158,2.76010143757761
"c7.loc28","7",37.9373,0.598681736082456,2.85708457126173
"c7.loc30","7",39.9373,0.525927895384174,2.73859655281865
"c7.loc32","7",41.9373,0.449176021005683,2.65716781669946
"c7.loc34","7",43.9373,0.331998469678285,2.54583698193693
"c7.loc36","7",45.9373,0.223900174577634,2.31106633807256
"c7.loc38","7",47.9373,0.112131374769557,2.05630530657578
"D7Mit234","7",48.4598,0.0846801199592295,1.99860499704957
"c7.loc40","7",49.9373,0.0673070081234058,1.87351196067278
"c7.loc42","7",51.9373,0.0408603422643954,1.69400371789710
"c7.loc44","7",53.9373,0.0253859887671248,1.49132400991296
"D7Mit1000","7",54.853,0.0178761933708097,1.36414798872827
"c7.loc46","7",55.9373,0.0443062553652948,1.33754105303915
"c7.loc48","7",57.9373,0.0826230558351514,1.30449398741592
"c7.loc50","7",59.9373,0.140180720093313,1.30428794739569
"c7.loc52","7",61.9373,0.142981405147915,1.31471294753337
"D7Mit40","7",62.0071,0.140888235174538,1.31701256394730
"c7.loc54","7",63.9373,0.216540602008011,0.999565885105014
"D7Mit66","7",64.299,0.243710117303252,0.929200845759565
"c7.loc56","7",65.9373,0.280660543740102,0.908150401066745
"c7.loc58","7",67.9373,0.304666352712128,0.7995959768394
"c7.loc60","7",69.9373,0.340851376571487,0.739644653717332
"c7.loc62","7",71.9373,0.366967781688793,0.658827165418113
"c7.loc64","7",73.9373,0.417847841544915,0.529667442675809
"c7.loc66","7",75.9373,0.39935678436831,0.473149492130598
"c7.loc68","7",77.9373,0.406066215249284,0.407534694437112
"c7.loc70","7",79.9373,0.409617772776483,0.315990058658371
"c7.loc72","7",81.9373,0.405687837831806,0.247609495014595
"D7Mit334","7",82.949,0.386629688389844,0.217501737873923
"D8Mit94","8",18.7471,0.605242996026995,2.05609540905862
"c8.loc2","8",20.7471,0.920973718876984,2.37514351437018
"c8.loc4","8",22.7471,1.17684935622662,2.52115923917055
"D8Mit294","8",23.893,1.32046764272019,2.49833909420311
"c8.loc6","8",24.7471,1.28142330184666,2.47321744745437
"c8.loc8","8",26.7471,1.16102357460088,2.39627596933512
"c8.loc10","8",28.7471,1.09649803095044,2.32582440281993
"c8.loc12","8",30.7471,1.03567711764060,2.10696029074316
"D8Mit231","8",30.7948,1.03479393059860,2.10274837752232
"c8.loc14","8",32.7471,0.900733540988252,2.28196914514945
"c8.loc16","8",34.7471,0.806336576443027,2.30683494442365
"c8.loc18","8",36.7471,0.72014775005949,2.36349747534503
"c8.loc20","8",38.7471,0.643122320984288,2.46718152988346
"c8.loc22","8",40.7471,0.529035990164677,2.47046094874277
"D8Mit45","8",42.157,0.489684783673498,2.38172329483386
"c8.loc24","8",42.7471,0.522531428544976,2.40085176776888
"c8.loc26","8",44.7471,0.621524863496112,2.51632381513311
"c8.loc28","8",46.7471,0.740951847369112,2.57544523434867
"c8.loc30","8",48.7471,0.820535212923293,2.63494096626258
"c8.loc32","8",50.7471,0.92900458675003,2.70526153034589
"c8.loc34","8",52.7471,0.90762765593277,2.64404457671558
"c8.loc36","8",54.7471,0.911062496564157,2.54169828295724
"D8Mit113","8",56.1632,0.896412026477646,2.47506911230001
"c8.loc38","8",56.7471,0.897356016726993,2.45905976133419
"c8.loc40","8",58.7471,0.846320479682379,2.42218007846899
"c8.loc42","8",60.7471,0.808586997082584,2.31328832906827
"c8.loc44","8",62.7471,0.778609842932295,2.16221837398703
"c8.loc46","8",64.7471,0.738621219498678,2.06720440467463
"c8.loc48","8",66.7471,0.70866011534115,1.89219807074062
"c8.loc50","8",68.7471,0.653577595040407,1.79527559353077
"c8.loc52","8",70.7471,0.557100732484469,1.66060423613811
"c8.loc54","8",72.7471,0.490634050237502,1.54281967334791
"c8.loc56","8",74.7471,0.372590466620441,1.39192992547262
"D8Mit56","8",76.144,0.286410205527587,1.28619171568364
"D9Mit90","9",17.8017,1.48283723018116,0.372161977226488
"c9.loc2","9",19.8017,1.55279312348691,0.288961150811572
"D9Mit91","9",20.74,1.53880390656776,0.258831784286711
"c9.loc4","9",21.8017,1.34465175479645,0.308206862717281
"c9.loc6","9",23.8017,0.911710519654338,0.431668891142958
"D9Mit330","9",25.7012,0.572695792348158,0.501767384181399
"c9.loc8","9",25.8017,0.573216097161256,0.506263675053863
"c9.loc10","9",27.8017,0.538641908366566,0.641864149791623
"c9.loc12","9",29.8017,0.477561755423996,0.735336957215913
"D9Mit48","9",31.631,0.393456527836026,0.798580366373143
"c9.loc14","9",31.8017,0.38532889006906,0.829970999145794
"c9.loc16","9",33.8017,0.378783522659105,1.19808399375853
"c9.loc18","9",35.8017,0.390596907300932,1.59459040118342
"c9.loc20","9",37.8017,0.401870248406256,1.94082994138062
"c9.loc22","9",39.8017,0.442586297459488,2.37733043692433
"c9.loc24","9",41.8017,0.455392705047078,2.87225113305697
"c9.loc26","9",43.8017,0.461579335517771,3.33993664327736
"c9.loc28","9",45.8017,0.482070016309179,3.73837390697388
"D9Mit10","9",47.3533,0.550002693488012,4.06254577841953
"c9.loc30","9",47.8017,0.544988444582826,4.0877820209424
"c9.loc32","9",49.8017,0.534947468439725,4.26250381725097
"c9.loc34","9",51.8017,0.497754095238513,4.1532697833309
"D9Mit182","9",53.476,0.463183002934675,3.99338018244788
"c9.loc36","9",53.8017,0.488964598789935,3.99893375080514
"c9.loc38","9",55.8017,0.65511084036586,3.89749067230323
"c9.loc40","9",57.8017,0.777292205996658,3.79046819453368
"c9.loc42","9",59.8017,0.912507810017245,3.471768652711
"c9.loc44","9",61.8017,1.00409105628078,3.33467630500177
"c9.loc46","9",63.8017,1.13073170706918,3.03295322909792
"c9.loc48","9",65.8017,1.15807284878619,2.64164623554669
"c9.loc50","9",67.8017,1.25589675492541,2.34886343255799
"c9.loc52","9",69.8017,1.27168747605378,1.99572165695119
"D9Mit18","9",71.4875,1.27649807027185,1.74070208690211
"D10Mit75","10",2.53,2.71267048239064,0.98513297532331
"c10.loc2","10",4.53,2.59866770593853,1.05896062977194
"c10.loc4","10",6.53,2.38816662628302,1.12318564961738
"c10.loc6","10",8.53,2.20215819887245,1.07088915580480
"c10.loc8","10",10.53,1.92875802845723,1.08889066528487
"c10.loc10","10",12.53,1.59165593279650,1.04711980731053
"c10.loc12","10",14.53,1.25516530134269,0.915905359367974
"D10Mit3","10",15.71,1.06239686853135,0.843183157980618
"c10.loc14","10",16.53,1.06370231981208,0.840228542656737
"c10.loc16","10",18.53,0.95933126630524,0.888645892861426
"c10.loc18","10",20.53,0.779755710673205,1.01342790514520
"c10.loc20","10",22.53,0.56821532032549,1.10993585009913
"D10Mit194","10",24.48,0.39101753254692,1.11821829974936
"c10.loc22","10",24.53,0.391859543863818,1.12018059118746
"c10.loc24","10",26.53,0.432463374097941,1.12820123329898
"c10.loc26","10",28.53,0.455013858647988,1.13243113960412
"c10.loc28","10",30.53,0.490900615939633,1.14899131225002
"c10.loc30","10",32.53,0.515686261473295,1.12928943868716
"c10.loc32","10",34.53,0.509772076216267,1.13652665917565
"c10.loc34","10",36.53,0.530026373664082,1.14034827144685
"c10.loc36","10",38.53,0.503938176089986,1.05600241720346
"D10Mit42","10",39.722,0.501567349793366,1.01057802741195
"c10.loc38","10",40.53,0.490829366769658,1.01366627599549
"c10.loc40","10",42.53,0.46968381674697,1.05285898598079
"c10.loc42","10",44.53,0.450928741133223,1.06495077284447
"c10.loc44","10",46.53,0.416475445938229,1.06338056586553
"D10Mit11","10",46.9746,0.400247108220771,1.06132145042244
"c10.loc46","10",48.53,0.395095719135532,1.15708887491862
"c10.loc48","10",50.53,0.414543492351752,1.19438948652144
"c10.loc50","10",52.53,0.422047985577137,1.22191355266686
"c10.loc52","10",54.53,0.515978801042049,1.19367872322577
"D10Mit162","10",55.7328,0.548026085554194,1.16618000193115
"c10.loc54","10",56.53,0.538720686920461,1.20621458201329
"c10.loc56","10",58.53,0.528902986042486,1.35902598223672
"c10.loc58","10",60.53,0.488988579036192,1.43386287302859
"c10.loc60","10",62.53,0.417725205299089,1.51703763578286
"c10.loc62","10",64.53,0.374431327173835,1.52954068990864
"c10.loc64","10",66.53,0.290297600295641,1.50606970547921
"c10.loc66","10",68.53,0.187151753714217,1.47784079307301
"c10.loc68","10",70.53,0.121153793548283,1.43881883306829
"D10Mit297","10",72.313,0.0501177909324161,1.39500656467636
"D11Mit78","11",10.439,1.08117308582837,0.302086567556188
"c11.loc2","11",12.439,1.23212769854727,0.207737820841944
"c11.loc4","11",14.439,1.52216640001728,0.162540412512176
"D11Mit82","11",15.631,1.70583640492250,0.145965733210930
"c11.loc6","11",16.439,1.89193312152461,0.152542328599803
"c11.loc8","11",18.439,2.23151829177791,0.208509793714325
"c11.loc10","11",20.439,2.44546440687041,0.293529287703650
"D11Mit231","11",21.917,2.54510951619539,0.397274991458167
"c11.loc12","11",22.439,2.68286923081403,0.451030524911017
"c11.loc14","11",24.439,3.21682174339994,0.633215828264537
"c11.loc16","11",26.439,3.66040754087212,0.724546754311805
"D11Mit20","11",27.2251,3.76533964038511,0.761223558488312
"c11.loc18","11",28.439,4.18257018597054,0.823598594337937
"c11.loc20","11",30.439,4.75854152414937,0.806577178054839
"D11Mit86","11",32.133,5.04906381927272,0.6028472480543
"c11.loc22","11",32.439,5.16042037798709,0.636282532657059
"c11.loc24","11",34.439,5.85570899720963,0.726457197444944
"c11.loc26","11",36.439,6.4464964427551,0.706177033917023
"c11.loc28","11",38.439,6.63258897271465,0.649669380033351
"c11.loc30","11",40.439,6.88527815720844,0.516017641187662
"c11.loc32","11",42.439,6.58671803419024,0.355240090680437
"D11Mit30","11",42.8776,6.48179749210195,0.321408996410295
"c11.loc34","11",44.439,6.91216904078396,0.410003867714510
"c11.loc36","11",46.439,7.52785661693498,0.526081691357363
"c11.loc38","11",48.439,7.8609213764065,0.643356547664462
"c11.loc40","11",50.439,8.12819869057237,0.695970508543595
"D11Mit355","11",51.3351,8.207436693413,0.729574799794615
"c11.loc42","11",52.439,8.19739736718975,0.71182128300373
"c11.loc44","11",54.439,7.9791820298878,0.698861705023166
"c11.loc46","11",56.439,7.71871724790137,0.719791016130452
"c11.loc48","11",58.439,7.06118545705578,0.737472701317061
"c11.loc50","11",60.439,6.18521394456478,0.814369745458158
"D11Mit67","11",61.49,5.76395208749232,0.807740724907515
"c11.loc52","11",62.439,5.75213929078354,0.853983141428575
"c11.loc54","11",64.439,5.3860382452402,0.809363005616171
"c11.loc56","11",66.439,4.67187457214816,0.787040930648055
"c11.loc58","11",68.439,4.15411919328317,0.657469415093505
"D11Mit258","11",69.21,3.90008372649275,0.554482416973657
"D12Mit182","12",5.5212,0.0691570871991676,0.714734091348518
"c12.loc2","12",7.5212,0.0759450399305024,0.798739675555165
"c12.loc4","12",9.5212,0.084505128617563,0.775300141033684
"D12Mit219","12",9.694,0.0833936027490267,0.770711848863204
"D12Mit1004","12",10.9671,0.0523078472208489,0.718502691440846
"c12.loc6","12",11.5212,0.0578414811940977,0.701642699419117
"c12.loc8","12",13.5212,0.0877133315936221,0.686990327618311
"c12.loc10","12",15.5212,0.129463317375422,0.622174404282736
"c12.loc12","12",17.5212,0.131323785957783,0.571487436353426
"c12.loc14","12",19.5212,0.128968178297211,0.569210078481272
"D12Mit172","12",21.09,0.117986110926262,0.53666789116798
"c12.loc16","12",21.5212,0.136037947369798,0.564500375545645
"c12.loc18","12",23.5212,0.204069183656400,0.665846307040441
"c12.loc20","12",25.5212,0.258104681998990,0.737764633047196
"c12.loc22","12",27.5212,0.311849833790376,0.78435398890894
"D12Mit114","12",28.936,0.28688650069293,0.804958394109405
"c12.loc24","12",29.5212,0.303984847803713,0.809226879685255
"c12.loc26","12",31.5212,0.416845416549333,0.828809482304965
"c12.loc28","12",33.5212,0.483805924910075,0.723952363459858
"c12.loc30","12",35.5212,0.569095407613281,0.643527767844358
"c12.loc32","12",37.5212,0.620846618554914,0.575965355194721
"c12.loc34","12",39.5212,0.640872180954866,0.435866082259904
"c12.loc36","12",41.5212,0.65619342418273,0.314836943435427
"D12Mit239","12",42.7749,0.653621304419531,0.246996880494535
"c12.loc38","12",43.5212,0.721143105661902,0.233767143186128
"c12.loc40","12",45.5212,0.824009679533406,0.278278636016273
"c12.loc42","12",47.5212,0.862703620946247,0.299049832783631
"c12.loc44","12",49.5212,0.897473695322497,0.351659493599335
"c12.loc46","12",51.5212,0.95618196875361,0.383277965072136
"c12.loc48","12",53.5212,0.975774811428386,0.411317825399007
"c12.loc50","12",55.5212,1.03198849137342,0.510549919209289
"c12.loc52","12",57.5212,1.02276400435969,0.557947352729296
"c12.loc54","12",59.5212,0.964558591239175,0.639784681053209
"D12Mit280","12",60.9384,0.903188576249255,0.685903548154152
"D13Mit303","13",6.047,2.16123400534722,0.244306036007687
"c13.loc2","13",8.047,2.05742602222630,0.345779879787583
"c13.loc4","13",10.047,1.82971494367701,0.490833915831204
"c13.loc6","13",12.047,1.52914041115330,0.598439215197739
"c13.loc8","13",14.047,1.21526749714101,0.681381504071219
"D13Mit18","13",14.436,1.17130347824634,0.68861916002362
"c13.loc10","13",16.047,1.16346687632110,0.799576156180534
"c13.loc12","13",18.047,1.11659781792176,0.97646323390909
"c13.loc14","13",20.047,1.09903836300098,1.05027135290495
"c13.loc16","13",22.047,1.05203266446962,1.21761349841498
"c13.loc18","13",24.047,1.07521762497337,1.44384613706535
"c13.loc20","13",26.047,1.13828275357037,1.64157708060841
"D13Mit248","13",27.68,1.11413215851055,1.70740644391554
"c13.loc22","13",28.047,1.12808999125611,1.65451130258041
"c13.loc24","13",30.047,1.12466435551368,1.50973251576409
"c13.loc26","13",32.047,1.12212878833071,1.36461388089672
"c13.loc28","13",34.047,1.05131223824689,1.11928707148715
"c13.loc30","13",36.047,1.01384711728275,0.931720714213457
"c13.loc32","13",38.047,0.944018841711358,0.794328697757503
"c13.loc34","13",40.047,0.90950017415407,0.655181839135095
"c13.loc36","13",42.047,0.922145147097977,0.468756290669582
"c13.loc38","13",44.047,0.970058866055193,0.404162718202203
"c13.loc40","13",46.047,1.00695057788045,0.374518176044994
"D13Mit193","13",47.426,1.0128569020878,0.333095867167418
"c13.loc42","13",48.047,0.995207499584887,0.343594124115035
"c13.loc44","13",50.047,0.939232738080623,0.360287141187578
"c13.loc46","13",52.047,0.79753804345401,0.419378776353817
"c13.loc48","13",54.047,0.725603955122444,0.44258222152901
"c13.loc50","13",56.047,0.651152512949447,0.471968744446531
"c13.loc52","13",58.047,0.512749472240685,0.446990652737799
"D13Mit148","13",59.692,0.427267456700716,0.405480517765995
"c13.loc54","13",60.047,0.479910980472039,0.424427710568250
"c13.loc56","13",62.047,0.532631439218098,0.481333359539963
"c13.loc58","13",64.047,0.673538778684222,0.507289017760857
"c13.loc60","13",66.047,0.724912746093809,0.468245507015277
"D13Mit35","13",67.21,0.72402413018853,0.386794402184704
"D14Mit49","14",7.08,0.181855447253736,0.463483881014324
"c14.loc2","14",9.08,0.263204261197271,0.506753980473096
"c14.loc4","14",11.08,0.322872422387046,0.57183004390047
"c14.loc6","14",13.08,0.361498087592985,0.616410441450534
"c14.loc8","14",15.08,0.385384030875748,0.66650084130233
"c14.loc10","14",17.08,0.399295469421369,0.725716727199757
"c14.loc12","14",19.08,0.414627315640794,0.786998517995841
"D14Mit54","14",20.8762,0.378500792025492,0.811166076819491
"c14.loc14","14",21.08,0.367256216461336,0.853366236208025
"c14.loc16","14",23.08,0.234081896590041,1.31057734440757
"c14.loc18","14",25.08,0.0843624824305682,1.65429061864169
"D14Mit121","14",25.358,0.0661622371173817,1.69594839191278
"c14.loc20","14",27.08,0.273415153976755,2.29407854282248
"D14Mit142","14",27.685,0.349806287450926,2.50819239478357
"c14.loc22","14",29.08,0.408807241139532,2.52226240772706
"c14.loc24","14",31.08,0.49419723273398,2.56518066759382
"c14.loc26","14",33.08,0.572213636732167,2.47598480850593
"c14.loc28","14",35.08,0.642266517199391,2.45939376120067
"c14.loc30","14",37.08,0.687143645580014,2.28787152623897
"c14.loc32","14",39.08,0.721340967315183,2.15219195250421
"c14.loc34","14",41.08,0.80001885475763,1.97700495567516
"c14.loc36","14",43.08,0.852683465484997,1.76569978647415
"D14Mit161","14",43.536,0.863278226333474,1.70812551351545
"c14.loc38","14",45.08,0.921239460609422,1.67487998995204
"c14.loc40","14",47.08,1.00257554347536,1.60421728415254
"c14.loc42","14",49.08,0.985479221107675,1.41974522362027
"D14Mit265","14",50.895,0.892616017443298,1.25898369310480
"c14.loc44","14",51.08,0.878759425303618,1.23875837507119
"c14.loc46","14",53.08,0.791642238579415,1.08325766119725
"c14.loc48","14",55.08,0.649044334910563,0.977283268203668
"c14.loc50","14",57.08,0.499699322141595,0.799646677071934
"D14Mit95","14",57.203,0.486541566305911,0.795913316605791
"c14.loc52","14",59.08,0.517305235072169,0.955980530224672
"c14.loc54","14",61.08,0.456578809185813,1.01438892680633
"c14.loc56","14",63.08,0.369970775292521,1.14688912422536
"D14Mit136","14",64.8657,0.293454227411816,1.09569782967126
"D15Mit13","15",1.843,0.138014532288417,0.387740424699475
"c15.loc2","15",3.843,0.0988107235489514,0.581066387964232
"c15.loc4","15",5.843,0.0604396737512823,0.765936579631658
"c15.loc6","15",7.843,0.0447055563184077,0.934773696101852
"D15Mit267","15",8.944,0.0364144920062754,1.01976818367342
"c15.loc8","15",9.843,0.0577699304004009,1.13501925038401
"c15.loc10","15",11.843,0.0962137347878556,1.32825289863961
"c15.loc12","15",13.843,0.119476879746566,1.46454799790500
"c15.loc14","15",15.843,0.124333786772004,1.60728873791791
"D15Mit60","15",16.821,0.120499439834772,1.64249202509682
"c15.loc16","15",17.843,0.121598041454904,1.73499123555228
"c15.loc18","15",19.843,0.13384097420028,1.88574775565459
"c15.loc20","15",21.843,0.139457563765972,2.07125718617205
"c15.loc22","15",23.843,0.133037344803912,2.17399211307161
"c15.loc24","15",25.843,0.105227873258182,2.17307439016976
"c15.loc26","15",27.843,0.0727576009642593,2.21697101270355
"D15Mit63","15",29.027,0.0461876409172436,2.22502176948427
"c15.loc28","15",29.843,0.101999150279179,2.32228621278390
"c15.loc30","15",31.843,0.261157860543774,2.4353082920627
"c15.loc32","15",33.843,0.412015172034993,2.52399786697506
"c15.loc34","15",35.843,0.59084258459957,2.45777791233234
"c15.loc36","15",37.843,0.84876849851544,2.36662301886281
"D15Mit189","15",38.667,0.966139163356277,2.29229849422381
"c15.loc38","15",39.843,0.95604427980034,2.36348894511779
"c15.loc40","15",41.843,0.94366728206341,2.39951059609369
"c15.loc42","15",43.843,0.950819636373199,2.29821345004667
"c15.loc44","15",45.843,0.914500632135362,2.17900497335512
"c15.loc46","15",47.843,0.94637092775049,2.03725678134819
"c15.loc48","15",49.843,0.829903043262733,1.90625376461582
"c15.loc50","15",51.843,0.723096526728445,1.77853712207572
"c15.loc52","15",53.843,0.623178524863465,1.55488523108850
"c15.loc54","15",55.843,0.517946563003274,1.38834756089643
"c15.loc56","15",57.843,0.386011026481213,1.22533524626982
"D15Mit16","15",58.0524,0.368345169924797,1.21054271257623
"D16Mit9","16",2.86,0.0784999934814644,0.803099437450211
"c16.loc2","16",4.86,0.108536969958588,0.729393125348142
"c16.loc4","16",6.86,0.108822967203990,0.600807949707939
"c16.loc6","16",8.86,0.067606291041667,0.415737984236852
"D16Mit165","16",9.6601,0.0431546156214274,0.33260970212169
"c16.loc8","16",10.86,0.0488799932307756,0.316857198465269
"c16.loc10","16",12.86,0.0697681917351504,0.279872031147526
"c16.loc12","16",14.86,0.104236281653620,0.249048569496865
"c16.loc14","16",16.86,0.136725790833800,0.251565498701907
"c16.loc16","16",18.86,0.192427448120932,0.297110030628241
"c16.loc18","16",20.86,0.22101413811315,0.351827737922271
"c16.loc20","16",22.86,0.246212130677782,0.381195553103466
"c16.loc22","16",24.86,0.271367705317505,0.445126191732945
"D16Mit13","16",26.62,0.287983657914585,0.520270058377019
"c16.loc24","16",26.86,0.296666955663500,0.53169500268303
"c16.loc26","16",28.86,0.291884286209908,0.516928902739743
"D16Mit84","16",29.531,0.282750266489142,0.497687483867315
"c16.loc28","16",30.86,0.440523776318609,0.715101016889698
"c16.loc30","16",32.86,0.648163715789384,1.02975445957961
"D16Mit5","16",34.2201,0.718057466041326,1.19024728648062
"c16.loc32","16",34.86,0.7799354724948,1.25205232928922
"c16.loc34","16",36.86,0.930680948835148,1.43248782982900
"c16.loc36","16",38.86,0.947980243772836,1.48072128466615
"D16Mit76","16",38.952,0.960340542995932,1.48390901265346
"c16.loc38","16",40.86,1.13365250247711,1.69321243614456
"c16.loc40","16",42.86,1.24513017207323,1.82871966459331
"c16.loc42","16",44.86,1.40149697122383,1.91543852407676
"c16.loc44","16",46.86,1.44437366573419,1.9867310956243
"D16Mit70","16",48.8062,1.44948059301721,1.97512728513723
"D17Mit143","17",4.925,2.40151194936516,0.587818671282267
"c17.loc2","17",6.925,2.49041113108966,0.609012109572359
"c17.loc4","17",8.925,2.42647326569654,0.603462102564583
"c17.loc6","17",10.925,2.35111984174123,0.650172799981639
"c17.loc8","17",12.925,2.23377005318938,0.662318647584917
"D17Mit198","17",14.592,2.11545659907849,0.638307021731525
"c17.loc10","17",14.925,2.08252844629979,0.655742834944094
"c17.loc12","17",16.925,1.80082486316864,0.641386538809973
"c17.loc14","17",18.925,1.25095582645882,0.504483849206227
"D17Mit11","17",19.72,1.05812286471465,0.455069384266961
"c17.loc16","17",20.925,1.17774732231300,0.506294567969898
"c17.loc18","17",22.925,1.27138005749319,0.495637472374358
"D17Mit10","17",23.95,1.28154733241365,0.403367588234119
"c17.loc20","17",24.925,1.29764792176854,0.31586300979647
"c17.loc22","17",26.925,1.20894354933193,0.177308043332823
"c17.loc24","17",28.925,1.16435159902088,0.125094433402760
"c17.loc26","17",30.925,0.899341639744054,0.170658296928735
"c17.loc28","17",32.925,0.618858708981205,0.259794736627628
"D17Mit152","17",34.901,0.391490275938177,0.417214575454507
"c17.loc30","17",34.925,0.38895811477509,0.417727383756934
"c17.loc32","17",36.925,0.399936027283782,0.502542473757791
"c17.loc34","17",38.925,0.417717123628402,0.645284674177875
"c17.loc36","17",40.925,0.431795223543038,0.715351979692272
"c17.loc38","17",42.925,0.475783905875774,0.754778728869942
"c17.loc40","17",44.925,0.498594859420730,0.817354447623815
"c17.loc42","17",46.925,0.561534533823269,0.86621254189592
"c17.loc44","17",48.925,0.642682267020636,0.921115472417663
"D17Mit187","17",50.1688,0.688619656748244,0.918836995021355
"c17.loc46","17",50.925,0.702556412763846,0.887817251962074
"c17.loc48","17",52.925,0.759991403727886,0.787765487488056
"c17.loc50","17",54.925,0.815021253098814,0.667542663986596
"c17.loc52","17",56.925,0.879777019109662,0.584726944280535
"c17.loc54","17",58.925,0.87469478625625,0.431294908778535
"D17Mit123","17",60.6705,0.889565484862767,0.302886556956313
"D18Mit68","18",11.956,1.16811948093266,0.215065053941646
"c18.loc2","18",13.956,1.10585958877286,0.286917004283931
"c18.loc4","18",15.956,0.95957836726507,0.364076011460313
"c18.loc6","18",17.956,0.811278062733125,0.412147238556674
"c18.loc8","18",19.956,0.672014518547054,0.457019441627468
"c18.loc10","18",21.956,0.526901875493477,0.469754298423742
"D18Mit149","18",23.8827,0.393160101438267,0.465389956685923
"c18.loc12","18",23.956,0.398340485410398,0.464765777592350
"c18.loc14","18",25.956,0.580427291847975,0.538270234229745
"c18.loc16","18",27.956,0.748367689742734,0.581837953738607
"c18.loc18","18",29.956,0.845636584457142,0.607474836724141
"c18.loc20","18",31.956,0.970329449543967,0.634067384922398
"D18Mit124","18",32.76,0.995941032576724,0.649884002101834
"c18.loc22","18",33.956,1.09366291353398,0.653743326848298
"c18.loc24","18",35.956,1.21987972281256,0.623387670965971
"c18.loc26","18",37.956,1.30362746338436,0.488593236840868
"D18Mit184","18",39.7002,1.33160273978179,0.354977097362837
"c18.loc28","18",39.956,1.37049543739167,0.350146487582314
"c18.loc30","18",41.956,1.55105581681255,0.447183409011439
"c18.loc32","18",43.956,1.66968976122862,0.442058672821524
"D18Mit186","18",45.629,1.75407399337821,0.404686251498779
"D19Mit109","19",4.339,0.399801221327148,0.367504220086441
"c19.loc2","19",6.339,0.283261197784773,0.530746691790122
"c19.loc4","19",8.339,0.199405047088681,0.753510450170874
"c19.loc6","19",10.339,0.131622281936534,0.930457109641017
"c19.loc8","19",12.339,0.104171894051036,1.15554853849815
"D19Mit16","19",13.8174,0.111331791814685,1.25153181230841
"c19.loc10","19",14.339,0.132611314471160,1.26219681093773
"c19.loc12","19",16.339,0.206830235693283,1.30147681001981
"c19.loc14","19",18.339,0.273159354283587,1.24864550639921
"c19.loc16","19",20.339,0.367683055849451,1.29343638831160
"c19.loc18","19",22.339,0.450065150409680,1.19903623068195
"c19.loc20","19",24.339,0.591483376274625,1.16181304871488
"c19.loc22","19",26.339,0.71116702198028,1.15224626082461
"c19.loc24","19",28.339,0.823051760562196,1.13184266940102
"c19.loc26","19",30.339,0.96886718324496,1.08543596015957
"c19.loc28","19",32.339,1.05531340078259,1.02218225108558
"c19.loc30","19",34.339,1.15541047145629,1.00289073146583
"c19.loc32","19",36.339,1.25974709893642,0.933466225656979
"c19.loc34","19",38.339,1.27798172369090,0.807509582428706
"D19Mit53","19",38.4581,1.28045859322929,0.79727413854303
"c19.loc36","19",40.339,1.25137591020163,0.79404572819243
"c19.loc38","19",42.339,1.15200470163787,0.695197851441905
"c19.loc40","19",44.339,1.07258560621114,0.66033039478208
"c19.loc42","19",46.339,1.00929146052028,0.574773442407277
"c19.loc44","19",48.339,0.933990014390227,0.471932631563282
"D19Mit1","19",50.3188,0.881751747485909,0.355856213076471
"c19.loc46","19",50.339,0.880440059253983,0.354772062914934
"c19.loc48","19",52.339,0.716684730650673,0.247516120590263
"c19.loc50","19",54.339,0.486513945531527,0.160286253351443
"D19Mit137","19",54.6048,0.454528696784684,0.149168122205118
"DXMit89","X",4.7313,0.427501223872696,3.2373705080102
"cX.loc2","X",6.7313,0.497423624297312,3.51960369703966
"cX.loc4","X",8.7313,0.524713555469248,3.81620735226306
"cX.loc6","X",10.7313,0.581731829252931,4.09988508336676
"cX.loc8","X",12.7313,0.630344149872712,4.14861971257551
"cX.loc10","X",14.7313,0.684564993795902,4.27656366778047
"cX.loc12","X",16.7313,0.676360603844728,4.36666945649762
"cX.loc14","X",18.7313,0.703280330345137,4.74433533893239
"cX.loc16","X",20.7313,0.747076997210115,4.64241313679486
"cX.loc18","X",22.7313,0.82631979835719,4.71139685547297
"cX.loc20","X",24.7313,0.916238931159569,4.76764118815447
"cX.loc22","X",26.7313,0.961410286076557,4.77831893666951
"cX.loc24","X",28.7313,0.998539447711323,4.67608882604526
"cX.loc26","X",30.7313,0.999119112869948,4.50100672476412
"cX.loc28","X",32.7313,0.967133703601917,4.41544959459094
"DXMit144","X",33.24,0.966157461856255,4.40916878299134
"cX.loc30","X",34.7313,0.964210619011283,4.45461772437568
"cX.loc32","X",36.7313,0.837811459348018,4.44959280255023
"DXMit1.1","X",37.11,0.798022256709032,4.45745138473154
"cX.loc34","X",38.7313,0.869242360777776,4.30754351552957
"cX.loc36","X",40.7313,0.979572305685224,4.25132155455725
"cX.loc38","X",42.7313,1.02806294262473,4.14546875548706
"cX.loc40","X",44.7313,1.07503782720505,3.91347548104608
"cX.loc42","X",46.7313,1.02257470621851,3.46613785793818
"cX.loc44","X",48.7313,1.00524579836110,3.33217012954270
"cX.loc46","X",50.7313,1.01185268086442,3.0337223282379
"cX.loc48","X",52.7313,0.98652020675388,2.68279739687819
"DXMit117","X",53.754,0.96339121376775,2.52376104109277
"cX.loc50","X",54.7313,0.953912511271824,2.52103847621737
"cX.loc52","X",56.7313,0.93397014490256,2.38821500634702
"cX.loc54","X",58.7313,0.925241979741372,2.22658686828737
"cX.loc56","X",60.7313,0.892092520439746,2.07312223159664
"cX.loc58","X",62.7313,0.784186481898132,1.89657102968170
"cX.loc60","X",64.7313,0.732846103067345,1.74044654560009
"cX.loc62","X",66.7313,0.685931363330042,1.60737631086891
"cX.loc64","X",68.7313,0.58251826747437,1.42641216234938
"cX.loc66","X",70.7313,0.544058414083452,1.26397691530792
"cX.loc68","X",72.7313,0.494967015593375,1.04223229093111
"cX.loc70","X",74.7313,0.426995923576897,0.87274285196088
"cX.loc72","X",76.7313,0.329127514697802,0.703552009666112
"DXMit186","X",76.75,0.328247575521686,0.702162817711041
