"","chr","pos","Ftotden","P","CrtThk"
"D1Mit316","1",2.4599,0.511570222705757,1.53850502390014,0.185196295646222
"c1.loc2","1",4.4599,0.435808311040205,1.75995450097804,0.194582656943055
"c1.loc4","1",6.4599,0.353351661909926,1.99088858883175,0.203184559063061
"c1.loc6","1",8.4599,0.26871511414447,2.21886420908947,0.209810619770849
"c1.loc8","1",10.4599,0.188308801187304,2.4299182124592,0.213680837661968
"c1.loc10","1",12.4599,0.118939774959813,2.61143500383645,0.214812081297737
"c1.loc12","1",14.4599,0.0655215254650443,2.75440047862742,0.213982628337988
"c1.loc14","1",16.4599,0.0294943921826984,2.85448057204019,0.212285518373221
"c1.loc16","1",18.4599,0.00909011924255765,2.91202506648335,0.210625440424337
"D1Mit232","1",18.85,0.00664795391872985,2.91860072179372,0.210354055825292
"c1.loc18","1",20.4599,6.88630145191382e-05,2.74169351209883,0.133255159135558
"c1.loc20","1",22.4599,0.00977100871949688,2.48422528756612,0.057391957407333
"c1.loc22","1",24.4599,0.0425011015731798,2.18624768716666,0.014019627056598
"c1.loc24","1",26.4599,0.099436454637555,1.85327530874036,0.0149443801475400
"c1.loc26","1",28.4599,0.178333696452398,1.49727936015586,0.0696615704842429
"c1.loc28","1",30.4599,0.273471884508751,1.13831217153569,0.180990771550853
"c1.loc30","1",32.4599,0.37698746457221,0.803028546586006,0.342410047076612
"c1.loc32","1",34.4599,0.480984566573284,0.518296299000042,0.539991091396189
"c1.loc34","1",36.4599,0.579254499459125,0.3024592738509,0.757342175116094
"c1.loc36","1",38.4599,0.667922186517956,0.160459480794486,0.979708654080923
"D1Mit132","1",39.511,0.710001764805668,0.113535916129933,1.09462089882840
"c1.loc38","1",40.4599,0.73424046094874,0.109286609790900,1.16530973698167
"c1.loc40","1",42.4599,0.788881430045933,0.0988190332255954,1.31760043955342
"c1.loc42","1",44.4599,0.853728927068573,0.0864176043613156,1.46756858468865
"c1.loc44","1",46.4599,0.936760667232306,0.0727065966426608,1.60654544024851
"c1.loc46","1",48.4599,1.04396068236736,0.0589417833490984,1.72653398814595
"c1.loc48","1",50.4599,1.17484347292907,0.0467644028426548,1.82100665891841
"c1.loc50","1",52.4599,1.32125653503795,0.0375991710208154,1.88518871743901
"c1.loc52","1",54.4599,1.47064423672265,0.0320618761016931,1.91619326492281
"c1.loc54","1",56.4599,1.61066009120901,0.0298243150547250,1.91333338012544
"c1.loc56","1",58.4599,1.73199162903262,0.0299737441599177,1.87850324964853
"c1.loc58","1",60.4599,1.82902730456851,0.0315070874428898,1.81621605846112
"c1.loc60","1",62.4599,1.89945291123911,0.0336427797721512,1.73309827248664
"D1Mit102","1",63.32,1.92156116553610,0.0346166130893266,1.6928765942543
"c1.loc62","1",64.4599,2.07275538851201,0.0396586807494828,1.84781480994508
"c1.loc64","1",66.4599,2.31605890337079,0.0495732562847593,2.11222550670470
"c1.loc66","1",68.4599,2.51510499365264,0.0604703753223816,2.34447685297721
"c1.loc68","1",70.4599,2.65468038227499,0.071747635916779,2.52298485140284
"c1.loc70","1",72.4599,2.72523146091856,0.082730335474082,2.63594213262911
"c1.loc72","1",74.4599,2.72523155845909,0.0928107126152327,2.68207158239147
"c1.loc74","1",76.4599,2.66222329028517,0.101552704292430,2.66870377041238
"D1Mit111","1",77.08,2.63212615410629,0.103950448591149,2.65438372252333
"c1.loc76","1",78.4599,2.53410040801487,0.0931145701800347,2.58719232712974
"c1.loc78","1",80.4599,2.35393924619694,0.0784419234522602,2.45813139322792
"c1.loc80","1",82.4599,2.12628992754873,0.0661369278711277,2.28977324748917
"c1.loc82","1",84.4599,1.85384073764305,0.0574238320751306,2.08319195557823
"c1.loc84","1",86.4599,1.54787369718389,0.053127495339595,1.84345015605209
"c1.loc86","1",88.4599,1.22934785994630,0.0533989494295497,1.5798832309801
"c1.loc88","1",90.4599,0.925037469525876,0.057746512103904,1.30588489036177
"c1.loc90","1",92.4599,0.658961504682793,0.0653548606993581,1.03767211943341
"c1.loc92","1",94.4599,0.44503067479053,0.075411394768139,0.791376410284329
"c1.loc94","1",96.4599,0.28583514128502,0.087231802330109,0.579150909282816
"D1Mit155","1",98.2021,0.187801721193978,0.0985116595261388,0.426607517451316
"D2Mit296","2",21.806,0.536574183225184,0.651056200380367,0.147684751453141
"c2.loc2","2",23.806,0.536691298800008,0.62419080786043,0.120230055108891
"c2.loc4","2",25.806,0.530965133023756,0.595754156557177,0.0928083419386212
"c2.loc6","2",27.806,0.517629531791783,0.56657763901751,0.0672532436188362
"c2.loc8","2",29.806,0.494933379370593,0.537838940360132,0.0461457859608458
"c2.loc10","2",31.806,0.461605041631117,0.510999284189779,0.0327865817147881
"c2.loc12","2",33.806,0.41758020194419,0.48760739395226,0.0308817557859697
"c2.loc14","2",35.806,0.364848118173200,0.46895864341144,0.0437923751340463
"c2.loc16","2",37.806,0.308001697849477,0.455694479908288,0.0733621845330958
"c2.loc18","2",39.806,0.253899961324123,0.447549502008371,0.118728767120501
"c2.loc20","2",41.806,0.210107596735043,0.443470858722947,0.175882370336012
"c2.loc22","2",43.806,0.182582295357577,0.442128234960876,0.238509222928997
"c2.loc24","2",45.806,0.173842390611867,0.442523054323146,0.299779663867355
"c2.loc26","2",47.806,0.182643307265494,0.444315456350807,0.354088166837698
"c2.loc28","2",49.806,0.205089220484069,0.447729495448641,0.397980138653963
"c2.loc30","2",51.806,0.23626546860919,0.453206598681163,0.430179648795956
"c2.loc32","2",53.806,0.271550569307237,0.461074225432526,0.451071902070623
"c2.loc34","2",55.806,0.307305628498909,0.471380965686933,0.462037867126696
"c2.loc36","2",57.806,0.341043411361454,0.483896405825533,0.464886235381130
"c2.loc38","2",59.806,0.371301115157962,0.49820021151902,0.461467586555614
"D2Mit395","2",59.974,0.373658340261500,0.499467395827537,0.460949942493755
"c2.loc40","2",61.806,0.394973721870372,0.466269052564485,0.473927192758254
"c2.loc42","2",63.806,0.416928724932461,0.416942883903289,0.486835416922929
"c2.loc44","2",65.806,0.435370860305966,0.354713009920999,0.494636836554605
"c2.loc46","2",67.806,0.447692741262131,0.283441633395569,0.493946129398978
"c2.loc48","2",69.806,0.451486482674511,0.210076253317425,0.484100458768069
"c2.loc50","2",71.806,0.445413709100194,0.142821896224802,0.468284270259687
"c2.loc52","2",73.806,0.429830451682335,0.088198657230464,0.452079514782952
"c2.loc54","2",75.806,0.406705396005520,0.048921018827059,0.440412505283518
"c2.loc56","2",77.806,0.378884026463993,0.0239426371422837,0.435514380909979
"c2.loc58","2",79.806,0.349199325157372,0.0100753591777902,0.437034256796721
"D2Mit411","2",80.0447,0.34564539439026,0.00898841316541166,0.437570243076493
"c2.loc60","2",81.806,0.328970352770568,0.000852388122666525,0.458959661274264
"c2.loc62","2",83.806,0.314303910958415,0.0038467586039701,0.496072869008231
"c2.loc64","2",85.806,0.306872394964216,0.019809813567349,0.546393367236078
"c2.loc66","2",87.806,0.30943639520558,0.0465872184282716,0.60766301749527
"c2.loc68","2",89.806,0.323815489267986,0.0800187995740202,0.675911056511211
"c2.loc70","2",91.806,0.349966697875516,0.115052425251520,0.746180238271734
"c2.loc72","2",93.806,0.38562754844321,0.147337317721167,0.813539528008334
"c2.loc74","2",95.806,0.42685581797366,0.174345343743369,0.873964478268306
"c2.loc76","2",97.806,0.469188672914356,0.195464400879189,0.924819650115126
"c2.loc78","2",99.806,0.508774846353163,0.211341686112235,0.964919415344525
"D2Mit148","2",100.4921,0.521212748620655,0.215782591008860,0.976174849254448
"D3Mit203","3",10.821,1.33865300655674,0.107736004180026,2.17762843642572
"c3.loc2","3",12.821,1.39771151393694,0.143346129810141,2.17258570448564
"c3.loc4","3",14.821,1.44819528346829,0.189651216950267,2.14001863684956
"c3.loc6","3",16.821,1.48596022046399,0.244897754096939,2.07682741309753
"c3.loc8","3",18.821,1.50748123055217,0.304512805249431,1.98252650502377
"c3.loc10","3",20.821,1.51057718294987,0.361397374660044,1.85972412697436
"c3.loc12","3",22.821,1.49491460402663,0.40777262415736,1.71395290557291
"c3.loc14","3",24.821,1.46209806510547,0.437863612730951,1.55285270000360
"c3.loc16","3",26.821,1.41529515285077,0.449726148446814,1.38494173394594
"c3.loc18","3",28.821,1.35851942365844,0.445149756094565,1.21833321645931
"c3.loc20","3",30.821,1.29583527490468,0.428121006531228,1.05971778282247
"D3Mit22","3",32.2503,1.24939927106271,0.410809090179328,0.9539536260952
"c3.loc22","3",32.821,1.22870572650453,0.433665732990562,1.05469281895478
"c3.loc24","3",34.821,1.17606273581049,0.513248575252533,1.42114925300632
"D3Mit51","3",35.17,1.16937589501396,0.526667237787194,1.48415827101559
"c3.loc26","3",36.821,1.16201092994947,0.440593401958438,1.65903992989888
"c3.loc28","3",38.821,1.13726868521661,0.446474232651042,1.81438374869947
"c3.loc30","3",40.821,0.949846292662187,0.59228326628363,1.76439842564514
"D3Mit101","3",41.934,0.77276943285608,0.698822096420542,1.63888131175372
"c3.loc32","3",42.821,0.73748546679235,0.724537989694909,1.64381683376718
"c3.loc34","3",44.821,0.646415291582059,0.795105371554257,1.64851900042186
"c3.loc36","3",46.821,0.543309235450408,0.887541816033036,1.64837021925945
"c3.loc38","3",48.821,0.436562002171911,1.00685223732347,1.6507249400575
"c3.loc40","3",50.821,0.33881623700853,1.15559148319301,1.66455061302980
"c3.loc42","3",52.821,0.265772966398231,1.33124751166753,1.69810646569397
"c3.loc44","3",54.821,0.233191847725038,1.52463746034607,1.75602366058331
"c3.loc46","3",56.821,0.252473838281730,1.72102714221882,1.83700442675246
"c3.loc48","3",58.821,0.326577800372092,1.90386940057681,1.93335595983501
"c3.loc50","3",60.821,0.448665436002273,2.05901992909747,2.03267526970365
"c3.loc52","3",62.821,0.604460074634574,2.17740839634723,2.12098084600831
"c3.loc54","3",64.821,0.776823571362286,2.25567690423958,2.18607577334194
"c3.loc56","3",66.821,0.950053787653246,2.29535636525867,2.22004133126626
"c3.loc58","3",68.821,1.11239296090309,2.30134479572234,2.22029643675575
"c3.loc60","3",70.821,1.25665094411886,2.28027162821496,2.18919884709396
"D3Mit200","3",72.4074,1.35597134978616,2.24894878624866,2.14601771408923
"c3.loc62","3",72.821,1.40005517858464,2.3125472726353,2.18332620914350
"c3.loc64","3",74.821,1.46362521527897,2.58791440077846,2.20951901880977
"c3.loc66","3",76.821,1.23324261038914,2.80462335756329,1.99430573645316
"c3.loc68","3",78.821,0.804341977842114,2.95714742078786,1.62769670892368
"D3Mit19","3",80.73,0.407344221595793,3.04158108947513,1.24393796777184
"D4Mit104","4",3.5981,0.939873674497903,0.642738326875246,1.09146664097455
"c4.loc2","4",5.5981,1.03410672292557,0.749638136230203,1.13649416879559
"c4.loc4","4",7.5981,1.07293664105089,0.789523907586727,1.07040243675607
"c4.loc6","4",9.5981,1.03710087712972,0.73466309186881,0.89672678374717
"c4.loc8","4",11.5981,0.930813375042533,0.602243027320014,0.662131122446283
"c4.loc10","4",13.5981,0.783473074428969,0.44236201790801,0.431400113154666
"D4Mit193","4",13.9885,0.753173473013419,0.412223867862508,0.391213119458996
"c4.loc12","4",15.5981,0.73368893356735,0.432670989771964,0.394926270033864
"c4.loc14","4",17.5981,0.713318713701142,0.454535775766658,0.410896621327026
"c4.loc16","4",19.5981,0.702236453925991,0.469925460709305,0.442436218667012
"c4.loc18","4",21.5981,0.707516925115726,0.475873147023606,0.492606335842879
"c4.loc20","4",23.5981,0.736718841969264,0.469667548223185,0.563761628975215
"c4.loc22","4",25.5981,0.795345884226833,0.449569576736849,0.656719648317107
"c4.loc24","4",27.5981,0.88429009236097,0.415517900698148,0.769923921577288
"c4.loc26","4",29.5981,0.99900031175548,0.369509106377791,0.899121130758203
"c4.loc28","4",31.5981,1.13084646457406,0.315393104062309,1.03794795972766
"c4.loc30","4",33.5981,1.26959812553594,0.258068623027953,1.17921087287442
"c4.loc32","4",35.5981,1.40571049620434,0.202373076434981,1.31619724846303
"c4.loc34","4",37.5981,1.53176000165575,0.152119077110910,1.44353144600774
"c4.loc36","4",39.5981,1.64297480659656,0.109609513334135,1.55751849549074
"D4Mit26","4",41.31,1.72461969620241,0.0800332515047444,1.64291523737722
"c4.loc38","4",41.5981,1.75055387126889,0.0803910950349405,1.67959949238599
"c4.loc40","4",43.5981,1.93805977142108,0.100042895289164,1.95708999441928
"c4.loc42","4",45.5981,2.13465460043818,0.155362486556101,2.27484756670617
"c4.loc44","4",47.5981,2.33236383625592,0.25394244942504,2.63140459302281
"c4.loc46","4",49.5981,2.52030537562189,0.401669434144196,3.02150990868847
"c4.loc48","4",51.5981,2.68568761743734,0.600833531972,3.43400087052316
"c4.loc50","4",53.5981,2.81567703561558,0.848484500197856,3.85067365810499
"c4.loc52","4",55.5981,2.89968536618051,1.13595519393829,4.24858976276499
"c4.loc54","4",57.5981,2.93138857223300,1.45003702877142,4.6053281995986
"c4.loc56","4",59.5981,2.90988630774274,1.77538453425041,4.90382458520094
"c4.loc58","4",61.5981,2.83973753593887,2.0971494618243,5.13462578701927
"c4.loc60","4",63.5981,2.72994144708514,2.40297854437688,5.29577945655564
"c4.loc62","4",65.5981,2.59213507614794,2.68402589605336,5.39138921537335
"c4.loc64","4",67.5981,2.43843278536593,2.93507689629882,5.42965667910926
"D4Mit251","4",69.051,2.32298373172182,3.09737232380616,5.42735727343711
"D5Mit346","5",2.6208,0.250755182028115,1.38454101651905,1.61568183995689
"c5.loc2","5",4.6208,0.243382404680347,1.67197317827657,1.67104005714708
"c5.loc4","5",6.6208,0.252224746377465,2.0008701028824,1.70045744750513
"c5.loc6","5",8.6208,0.274307772005159,2.34440392225429,1.69154446437796
"c5.loc8","5",10.6208,0.302771696511513,2.67261097165664,1.63800136882793
"c5.loc10","5",12.6208,0.328131450625676,2.95807539982485,1.54180218629227
"c5.loc12","5",14.6208,0.341401879069849,3.18053752959906,1.41237244259759
"c5.loc14","5",16.6208,0.337515842782295,3.3300301656609,1.26362587002711
"D5Mit66","5",17.268,0.332513856687854,3.3627458487295,1.21382503131906
"c5.loc16","5",18.6208,0.230207939948059,3.80520106126164,1.12579291879558
"c5.loc18","5",20.6208,0.0992216010778293,4.44017334899496,1.04136874293965
"c5.loc20","5",22.6208,0.0596358844971974,4.94294844580253,1.07069701123771
"c5.loc22","5",24.6208,0.139170639368331,5.21302886390919,1.22910973034135
"c5.loc24","5",26.6208,0.301288887569228,5.17529055410466,1.45891110433422
"D5Mit81","5",26.886,0.325836980038559,5.14559231922533,1.4904267926172
"c5.loc26","5",28.6208,0.386707535539699,5.36498381093639,1.44933498291891
"c5.loc28","5",30.6208,0.476782745319667,5.51884691980865,1.38170982853359
"c5.loc30","5",32.6208,0.581337961660154,5.54632445206948,1.29257592099862
"c5.loc32","5",34.6208,0.689896897805511,5.43225288287499,1.18449918981713
"c5.loc34","5",36.6208,0.791123613426805,5.17404358699287,1.06420181994685
"c5.loc36","5",38.6208,0.876160459026892,4.79459588161308,0.943232920218406
"D5Mit201","5",39.5473,0.90872399014654,4.59191412994579,0.890643571294959
"c5.loc38","5",40.6208,1.01360994916712,4.64467008287471,0.87440535422769
"c5.loc40","5",42.6208,1.21405055323800,4.59562653721827,0.811039100733069
"c5.loc42","5",44.6208,1.40820924020744,4.35760406210909,0.710807640688017
"c5.loc44","5",46.6208,1.57889746604189,3.95047077334431,0.594513821513942
"c5.loc46","5",48.6208,1.71133909353551,3.42470512637647,0.486988313075358
"c5.loc48","5",50.6208,1.79781884381663,2.86195543355507,0.405172750645363
"D5Mit10","5",50.6388,1.79838509984171,2.85699314421163,0.404576203286069
"c5.loc50","5",52.6208,1.7799751887668,2.59532093544897,0.286631170148951
"c5.loc52","5",54.6208,1.69442712352054,2.157811830279,0.182899149301534
"c5.loc54","5",56.6208,1.51948774499448,1.63022290246403,0.115241815970307
"D5Mit319","5",57.6263,1.39948292926721,1.36681916444991,0.0962291931018058
"c5.loc56","5",58.6208,1.34128341008022,1.37861923316206,0.0819101372231898
"c5.loc58","5",60.6208,1.21246738019636,1.40146529558052,0.0547236659726877
"c5.loc60","5",62.6208,1.06936136289193,1.42246089053225,0.0311566220228769
"c5.loc62","5",64.6208,0.915217790968995,1.44074992662377,0.0132273520936224
"c5.loc64","5",66.6208,0.755161382154711,1.45542650839667,0.00305273435975550
"c5.loc66","5",68.6208,0.59599739922902,1.46551674220871,0.00249930800765696
"c5.loc68","5",70.6208,0.44552063815604,1.46991157498746,0.0127386472069588
"c5.loc70","5",72.6208,0.311322347748614,1.46726435731028,0.0338579295097361
"c5.loc72","5",74.6208,0.199390256667925,1.45594827982364,0.064724810414873
"c5.loc74","5",76.6208,0.113062908572317,1.43423684084155,0.103211774621627
"c5.loc76","5",78.6208,0.0528006944114736,1.40077837015656,0.146684706439260
"c5.loc78","5",80.6208,0.0167443438861028,1.35517588327633,0.192527244465396
"c5.loc80","5",82.6208,0.00161931269724391,1.29832721297220,0.238512838321753
"c5.loc82","5",84.6208,0.00356182518811465,1.23232895140904,0.282970487324349
"c5.loc84","5",86.6208,0.0186968136462724,1.16003252189307,0.324789906227011
"c5.loc86","5",88.6208,0.0434809575388613,1.08449263152374,0.363338805638307
"D5Mit169","5",89.176,0.0516493216030085,1.06333632839761,0.373416960443251
"D6Mit138","6",1.806,0.194106168522069,0.237276324365666,0.350564759355279
"c6.loc2","6",3.806,0.184763004786305,0.270639286101925,0.367805642162466
"c6.loc4","6",5.806,0.175956533352178,0.311348817163264,0.383622421101165
"c6.loc6","6",7.806,0.168838148534689,0.360077761728689,0.396558513554851
"c6.loc8","6",9.806,0.164991442907933,0.416898151053033,0.40490398708306
"c6.loc10","6",11.806,0.166350074613604,0.480928661771713,0.406963448867259
"c6.loc12","6",13.806,0.174924292739263,0.550089530728769,0.401487725697791
"c6.loc14","6",15.806,0.192316169594221,0.621153093908731,0.388150132328974
"c6.loc16","6",17.806,0.219133576620948,0.690196875584206,0.367830824069074
"c6.loc18","6",19.806,0.254563239803929,0.753357731745893,0.342486330577628
"c6.loc20","6",21.806,0.296382245875691,0.807598782550997,0.314599070804888
"c6.loc22","6",23.806,0.34146923966307,0.851195726924516,0.286485563762767
"c6.loc24","6",25.806,0.386567662924335,0.883815050311796,0.259820264773907
"c6.loc26","6",27.806,0.428941035977857,0.906249983444638,0.235527145618221
"c6.loc28","6",29.806,0.466710615537977,0.91998765577415,0.213935013532648
"c6.loc30","6",31.806,0.49888370828711,0.926781677625911,0.195008787763413
"D6Mit188","6",32.5284,0.509059661928518,0.927864455834197,0.188789812273626
"c6.loc32","6",33.806,0.553757919438226,0.887694655812027,0.166880502733761
"c6.loc34","6",35.806,0.631712271199433,0.818739460753989,0.135780406319270
"c6.loc36","6",37.806,0.71937170383859,0.742145581972295,0.110502949130932
"c6.loc38","6",39.806,0.815826814019488,0.65811174357782,0.0936220137858754
"c6.loc40","6",41.806,0.918835861911987,0.567624002513071,0.088052487967559
"c6.loc42","6",43.806,1.02450711913065,0.472798386459942,0.0968494399303381
"c6.loc44","6",45.806,1.12727115992840,0.377160085627906,0.122878900230205
"c6.loc46","6",47.806,1.22034206591758,0.285657758147636,0.168371775841194
"c6.loc48","6",49.806,1.29672305855831,0.204157616946645,0.234417968948833
"c6.loc50","6",51.806,1.35055980693244,0.138293160933245,0.320519562779339
"c6.loc52","6",53.806,1.37842966995754,0.0919529293651635,0.424374418104492
"c6.loc54","6",55.806,1.38011317830609,0.0661383142225986,0.54203652036017
"c6.loc56","6",57.806,1.35855461009055,0.0588797033141191,0.668461834379741
"c6.loc58","6",59.806,1.31901362385594,0.0662100751434878,0.798277089578676
"c6.loc60","6",61.806,1.26772704012188,0.0835264630039774,0.926525585139132
"c6.loc62","6",63.806,1.21058794063856,0.106651683624420,1.04919246809254
"c6.loc64","6",65.806,1.15227561395039,0.132343772153718,1.16343696823753
"c6.loc66","6",67.806,1.09597493148220,0.158364517917846,1.26757262841727
"c6.loc68","6",69.806,1.04353450797271,0.18332214827268,1.36089004368108
"c6.loc70","6",71.806,0.995812866055473,0.206450746695452,1.44341553324864
"c6.loc72","6",73.806,0.953026640645191,0.227408405242727,1.51567167895382
"D6Mit259","6",74.6379,0.93665433292108,0.235462440147614,1.54288987476275
"c6.loc74","6",75.806,1.16807723553427,0.336151935296186,2.10292662681638
"D6Mit14","6",77.6401,1.43619650752566,0.581849145391288,2.93864067287461
"D7Mit152","7",2.7137,1.09515526706696,0.40620392286354,0.0554548876490912
"c7.loc2","7",4.7137,1.11621626912694,0.540230059795761,0.0538446472455121
"c7.loc4","7",6.7137,1.13158361073215,0.702098320470327,0.0535534729202709
"c7.loc6","7",8.7137,1.13934759349002,0.888827245073173,0.0555993292681478
"c7.loc8","7",10.7137,1.13761144408005,1.09289894242835,0.0611182069986853
"c7.loc10","7",12.7137,1.12475342859420,1.30321489960687,0.0710418020191241
"c7.loc12","7",14.7137,1.09978828580864,1.50781485855720,0.0856542870967019
"c7.loc14","7",16.7137,1.06276545845839,1.69685254436007,0.104249015212929
"c7.loc16","7",18.7137,1.01504284460145,1.86417527420650,0.125151137907778
"c7.loc18","7",20.7137,0.95923415805646,2.00717257321890,0.146167373054766
"c7.loc20","7",22.7137,0.898745931224084,2.12570488006696,0.165223849631445
"c7.loc22","7",24.7137,0.837060153532605,2.22102224357201,0.180859847376212
"c7.loc24","7",26.7137,0.777083802140282,2.29506917439824,0.192407792303527
"c7.loc26","7",28.7137,0.720816804484343,2.35012905155111,0.199898800858421
"c7.loc28","7",30.7137,0.669361115647973,2.38863794545267,0.203830188276811
"D7Mit69","7",31.1895,0.657884166763097,2.39563356821321,0.204318404711728
"c7.loc30","7",32.7137,0.791616092541574,2.28285691807520,0.167669400453349
"D7Mit159","7",33.525,0.710823234536178,2.16024870869506,0.146112230565564
"c7.loc32","7",34.7137,0.790720022484379,2.26681681038775,0.156374595793864
"c7.loc34","7",36.7137,0.929818384014311,2.39462071712671,0.171860912666773
"c7.loc36","7",38.7137,1.05905267391194,2.45196952655402,0.185196407188528
"c7.loc38","7",40.7137,1.15906545577519,2.43985255676438,0.198783425831323
"c7.loc40","7",42.7137,1.21803773588499,2.36646682432627,0.215738619540048
"c7.loc42","7",44.7137,1.23595956638923,2.24689372305198,0.237086922430024
"D7Mit93","7",44.8612,1.23586446541958,2.2367662236407,0.238798733679346
"c7.loc44","7",46.7137,1.47778048230424,2.40063690926235,0.274148244627156
"c7.loc46","7",48.7137,1.74845040953920,2.55654804697900,0.353478385368305
"c7.loc48","7",50.7137,2.00075914117735,2.67829636977757,0.472532723624568
"c7.loc50","7",52.7137,2.20300682959271,2.75638088792169,0.617075709783535
"c7.loc52","7",54.7137,2.33070164293213,2.78572119088687,0.763989081548345
"c7.loc54","7",56.7137,2.37314458514493,2.76595484678512,0.888751309110035
"c7.loc56","7",58.7137,2.33424748533395,2.70111667065049,0.973652859886442
"c7.loc58","7",60.7137,2.22925830423253,2.59883394071375,1.01212968914905
"D7Mit253","7",61.3679,2.18413168042349,2.55888591074984,1.01504563550958
"c7.loc60","7",62.7137,2.60856077875735,2.54863678911551,1.29681401300684
"c7.loc62","7",64.7137,3.21063363683328,2.30778706542691,1.73933818004207
"c7.loc64","7",66.7137,3.6154362446764,1.86683602560072,2.11300029930254
"D7Mit358","7",67.2721,3.67178886560453,1.72621840251611,2.18988509594885
"c7.loc66","7",68.7137,4.13213741689265,1.72750827731437,2.54313881076132
"c7.loc68","7",70.7137,4.73274854221143,1.717880036824,3.04744809615045
"c7.loc70","7",72.7137,5.23483196358171,1.68787584661339,3.50160280584225
"c7.loc72","7",74.7137,5.58526211918223,1.62921385583672,3.81950907823341
"c7.loc74","7",76.7137,5.74274472634278,1.53417791178083,3.93331581355153
"c7.loc76","7",78.7137,5.68561971094164,1.3982328771649,3.81565627026629
"c7.loc78","7",80.7137,5.41943407662603,1.22394552098234,3.48713792193115
"c7.loc80","7",82.7137,4.98017769675477,1.02346218258202,3.01464385755446
"c7.loc82","7",84.7137,4.43005515892816,0.81652110932663,2.49434032498891
"c7.loc84","7",86.7137,3.84396333858928,0.624032587009197,2.01615176079042
"c7.loc86","7",88.7137,3.28767025931103,0.461206190253051,1.63205486431315
"D7Mit259","7",88.854,3.25095187567365,0.451118092248407,1.60912348341259
"D8Mit155","8",2.1399,0.663036918766466,1.47135282556150,1.84482333222735
"c8.loc2","8",4.1399,0.653270856591462,1.57156812650101,1.56106277884231
"c8.loc4","8",6.1399,0.676054003982642,1.38338481904896,1.12256342374457
"D8Mit124","8",7.587,0.70695665116034,1.11790417625139,0.800856504315732
"c8.loc6","8",8.1399,0.697577960655508,1.10526907894001,0.779211397599397
"c8.loc8","8",10.1399,0.659399401274868,1.05372701543098,0.695422485628399
"c8.loc10","8",12.1399,0.614103533772891,0.992123255113938,0.603257453307549
"c8.loc12","8",14.1399,0.561340924820058,0.919411117607922,0.503744498369542
"c8.loc14","8",16.1399,0.501245885138417,0.834965497038866,0.399185392299444
"c8.loc16","8",18.1399,0.434700340938321,0.738952140874289,0.293675603719123
"c8.loc18","8",20.1399,0.363638003727146,0.632804141817815,0.193586669052991
"c8.loc20","8",22.1399,0.291322625036344,0.519720777092516,0.107729604376573
"c8.loc22","8",24.1399,0.222457128442898,0.404975730857245,0.0467125046118326
"c8.loc24","8",26.1399,0.162905486599584,0.295687227467397,0.0209746746736528
"c8.loc26","8",28.1399,0.118831930330316,0.199710677427902,0.0375750253672891
"c8.loc28","8",30.1399,0.095302732574055,0.123686827847564,0.0971417802609267
"c8.loc30","8",32.1399,0.0948289261011723,0.0710141752989557,0.193169243110617
"c8.loc32","8",34.1399,0.116609663265137,0.0409760826126444,0.314414647232468
"c8.loc34","8",36.1399,0.156934617125273,0.0296018704664789,0.448682229610768
"c8.loc36","8",38.1399,0.210461441987036,0.0315309037122233,0.585706411428305
"c8.loc38","8",40.1399,0.271628057913063,0.0416701546677132,0.718262809257169
"c8.loc40","8",42.1399,0.335634773928803,0.0560469553454368,0.841975934247102
"c8.loc42","8",44.1399,0.398866561920897,0.0719613544754907,0.954615028980868
"c8.loc44","8",46.1399,0.458904601900258,0.0877786349984717,1.05538588050882
"c8.loc46","8",48.1399,0.514330994187787,0.102625801793863,1.14439285150468
"c8.loc48","8",50.1399,0.564474748054067,0.116120428181659,1.22227077184289
"D8Mit211","8",51.9996,0.606216209563286,0.127370800294955,1.28550491175844
"c8.loc50","8",52.1399,0.606452071466151,0.129691241029946,1.29285927419073
"c8.loc52","8",54.1399,0.608795112242774,0.171776482966663,1.39607234642244
"c8.loc54","8",56.1399,0.608497368833582,0.233685739507848,1.49041225571244
"c8.loc56","8",58.1399,0.604152650205265,0.318482182231435,1.56618205740290
"c8.loc58","8",60.1399,0.59390701626171,0.425809944872924,1.61364357985462
"c8.loc60","8",62.1399,0.575705178998419,0.550253361475768,1.62543360501371
"c8.loc62","8",64.1399,0.547920118777597,0.681741448418052,1.59872217310703
"c8.loc64","8",66.1399,0.510165765937245,0.808348972070291,1.53620539580425
"c8.loc66","8",68.1399,0.463787801052376,0.919821247855907,1.44545671042243
"c8.loc68","8",70.1399,0.411643152327656,1.00983981259105,1.33683045614572
"c8.loc70","8",72.1399,0.357286137288952,1.07640434169383,1.22079516115423
"c8.loc72","8",74.1399,0.304055305671113,1.12088822269578,1.10583198458886
"D8Mit93","8",74.687,0.290047838446242,1.12962464309089,1.07538104851727
"D9Mit90","9",17.8017,1.64939447654865,0.544361292514793,1.4994430919146
"c9.loc2","9",19.8017,2.05808648046144,1.11336693925671,1.92840815215686
"c9.loc4","9",21.8017,2.4179862950935,1.81469727933137,2.35907626521697
"c9.loc6","9",23.8017,2.61174367292409,2.40753927330741,2.66360244361118
"D11Mit149","9",25.4239,2.61915288677812,2.72090935023158,2.77920224042020
"c9.loc8","9",25.8017,2.70104122442666,3.03046333909958,3.11446354455194
"D9Mit71","9",27.071,2.41124592920124,3.19917968506564,3.395440611016
"c9.loc10","9",27.8017,2.53400936005443,3.32801387443931,3.53876100937015
"c9.loc12","9",29.8017,2.88136608177285,3.68076435080172,3.93257276858304
"c9.loc14","9",31.8017,3.22949854184509,4.0151058481236,4.30715190470073
"c9.loc16","9",33.8017,3.55411337643733,4.30427704276349,4.63177240693
"c9.loc18","9",35.8017,3.82991181175436,4.52194051766611,4.87694887713627
"c9.loc20","9",37.8017,4.03602594047805,4.64763920901424,5.02079881396253
"c9.loc22","9",39.8017,4.16062913256474,4.67123302840275,5.05333004636105
"c9.loc24","9",41.8017,4.20287620662521,4.5950837761431,4.97759551891141
"c9.loc26","9",43.8017,4.17130145889439,4.43353037600093,4.80833993874631
"c9.loc28","9",45.8017,4.07994896618527,4.20950394346437,4.56901365275786
"D9Mit196","9",46.4135,4.04250364869671,4.13250592751768,4.48603201643482
"c9.loc30","9",47.8017,4.06334749225016,4.08394237249377,4.5336073822906
"c9.loc32","9",49.8017,3.93457858501876,3.76957602343947,4.39464386329456
"c9.loc34","9",51.8017,3.65706797764875,3.20521133921233,4.0001941545961
"D9Mit182","9",53.476,3.35924945975972,2.62770838073470,3.5327056723807
"c9.loc36","9",53.8017,3.43801739228007,2.61611403844012,3.5468082979977
"c9.loc38","9",55.8017,3.94043044745621,2.51734683003826,3.61863196075223
"c9.loc40","9",57.8017,4.45945146855371,2.36890559952616,3.66245017170291
"c9.loc42","9",59.8017,4.96886471827486,2.17337720290050,3.67585826624452
"c9.loc44","9",61.8017,5.44063734324686,1.94198368068447,3.65861925756224
"c9.loc46","9",63.8017,5.8496081752449,1.69391401919546,3.6129262340699
"c9.loc48","9",65.8017,6.17660662491005,1.45153692877102,3.54227564233327
"c9.loc50","9",67.8017,6.40963531700152,1.23270268075385,3.44935982959214
"c9.loc52","9",69.8017,6.54392517475492,1.04565118554655,3.33531020590391
"D9Mit18","9",71.4875,6.58196598088995,0.912720984912312,3.22375893415318
"D10Mit50","10",7.268,0.900233256233207,1.18237228225939,0.773068919808225
"c10.loc2","10",9.268,0.0576194546517854,0.521511988356622,0.308096703849856
"D10Mit16","10",9.8192,0.000839680512399354,0.385937835417167,0.176554522762672
"c10.loc4","10",11.268,0.000933563169837726,0.409057487093662,0.163593913348905
"c10.loc6","10",13.268,0.00129381441996657,0.445604072853598,0.142809015771491
"c10.loc8","10",15.268,0.00189705173806942,0.487885982181524,0.118789778828614
"c10.loc10","10",17.268,0.00268257410039041,0.536062649606095,0.0921378988881543
"c10.loc12","10",19.268,0.00355064718928588,0.58991251045893,0.0642026510719234
"c10.loc14","10",21.268,0.00437156722000509,0.64871819708236,0.0373393507241531
"c10.loc16","10",23.268,0.00501548434738197,0.711205414328845,0.0150459243234309
"c10.loc18","10",25.268,0.00540683123676899,0.775573762678334,0.00177622642473807
"c10.loc20","10",27.268,0.00559252599362026,0.839629884387762,0.00222078231695377
"c10.loc22","10",29.268,0.00579071906145145,0.90098762022501,0.0200329831562271
"c10.loc24","10",31.268,0.00637463837085761,0.957272402686954,0.0564032589099952
"c10.loc26","10",33.268,0.0077704600390689,1.00629257099462,0.109261206501174
"c10.loc28","10",35.268,0.0103084595708651,1.04619565072204,0.173697519872235
"c10.loc30","10",37.268,0.0141109935785266,1.07563837609354,0.243415879306667
"c10.loc32","10",39.268,0.0190766277918897,1.09394441014291,0.312396741810915
"c10.loc34","10",41.268,0.0249492388549015,1.10117947450573,0.376038150433033
"c10.loc36","10",43.268,0.0314152149308597,1.09810005165298,0.431547885016016
"c10.loc38","10",45.268,0.0381797090817599,1.08599410088772,0.477768400972764
"c10.loc40","10",47.268,0.0450053718184904,1.06647026878164,0.514736705255984
"c10.loc42","10",49.268,0.0517207307048579,1.0412511740048,0.543215418864577
"D10Mit96","10",51.19,0.0579641646033338,1.01320270072404,0.563616134170616
"c10.loc44","10",51.268,0.0598271852109633,1.01720969315056,0.568696866700179
"c10.loc46","10",53.268,0.123597000378084,1.13402721826304,0.718287606810975
"c10.loc48","10",55.268,0.222174575274607,1.27081145216107,0.901079502314417
"c10.loc50","10",57.268,0.358318779988338,1.40950354784934,1.10543261372010
"c10.loc52","10",59.268,0.528560467020895,1.52593520112396,1.31509144746178
"c10.loc54","10",61.268,0.722732496223216,1.59841249701634,1.51465154648406
"c10.loc56","10",63.268,0.926508704439755,1.61561117326733,1.69328858310809
"c10.loc58","10",65.268,1.12530000728810,1.57924163759100,1.84499730779510
"D10Mit14","10",66.746,1.26194986845672,1.52468517139079,1.93812007229644
"D11Mit71","11",4.6976,3.04650508589623,2.44389296370684,4.8348406876238
"c11.loc2","11",6.6976,3.43104875962865,2.37826863864552,5.13170955849745
"c11.loc4","11",8.6976,3.84461395544605,2.24444765181011,5.32434066989805
"c11.loc6","11",10.6976,4.23570745969721,2.04841464208323,5.37065119796705
"c11.loc8","11",12.6976,4.54152876962087,1.81045285103778,5.25318647169439
"c11.loc10","11",14.6976,4.7191696171696,1.55964797587603,4.98906957754355
"c11.loc12","11",16.6976,4.76071308847327,1.32347636171022,4.62918744165268
"c11.loc14","11",18.6976,4.68880112309841,1.11905358275794,4.23858099968402
"D11Mit205","11",19.212,4.65663839173192,1.07248963192893,4.13987152953757
"c11.loc16","11",20.6976,5.10941270441572,0.894301477947351,4.14656669461567
"c11.loc18","11",22.6976,5.66936843031652,0.683910670074795,4.05359623352626
"c11.loc20","11",24.6976,6.1245923705182,0.531402286740274,3.83333275403811
"c11.loc22","11",26.6976,6.43515309902654,0.452593466089354,3.49416237925135
"c11.loc24","11",28.6976,6.58131522378739,0.448715206700342,3.06647133479061
"c11.loc26","11",30.6976,6.56525903413586,0.510795060414068,2.59749284067686
"D11Mit86","11",32.133,6.46522521258152,0.587729286910871,2.26407279547493
"c11.loc28","11",32.6976,6.62565148706562,0.574558287949685,2.23541267245423
"c11.loc30","11",34.6976,7.11751201043501,0.547127936703816,2.12679787177075
"c11.loc32","11",36.6976,7.41683943836512,0.566460212000209,1.98860500401133
"c11.loc34","11",38.6976,7.47921211951342,0.64892531505086,1.80861164644369
"c11.loc36","11",40.6976,7.30236270199998,0.7923777659434,1.59212163960001
"c11.loc38","11",42.6976,6.90959569286434,0.974859790885944,1.35487985318514
"D11Mit30","11",42.8776,6.86505466272666,0.992176477925625,1.33313203886411
"c11.loc40","11",44.6976,6.38555614051927,1.18772978327786,1.26990811693150
"c11.loc42","11",46.6976,5.46991428795354,1.41837860723518,1.13767548114453
"c11.loc44","11",48.6976,4.27367962747513,1.63678645128618,0.95438919976283
"c11.loc46","11",50.6976,3.03825804657174,1.80940149295463,0.750592827119078
"D11Mit36","11",51,2.86410746781002,1.83005688749535,0.720124007451034
"c11.loc48","11",52.6976,2.78908061495491,2.05844393114393,0.623116703676146
"c11.loc50","11",54.6976,2.62913873864522,2.34438564499413,0.507390520666831
"c11.loc52","11",56.6976,2.39700865445207,2.63655362674831,0.401425201988559
"c11.loc54","11",58.6976,2.11128903272839,2.91535064275627,0.315374480122387
"c11.loc56","11",60.6976,1.80061615261042,3.15386207361945,0.254317990373352
"c11.loc58","11",62.6976,1.49572104693823,3.32563230183183,0.218921657724877
"c11.loc60","11",64.6976,1.22025784640152,3.41665438213829,0.207728564302556
"D11Mit126","11",66.02,1.06058265267313,3.43371157609914,0.212234094052405
"c11.loc62","11",66.6976,1.02620677800428,3.58803847850965,0.247024721389096
"c11.loc64","11",68.6976,0.915914391930016,4.00302852371487,0.380274809117054
"c11.loc66","11",70.6976,0.798871514382313,4.3321534755388,0.555116605726482
"c11.loc68","11",72.6976,0.684907184724295,4.55297910994346,0.758755641966161
"c11.loc70","11",74.6976,0.58236196839249,4.65635176985154,0.971113636594339
"c11.loc72","11",76.6976,0.49493437431687,4.64518976106166,1.16948511149297
"c11.loc74","11",78.6976,0.421991894789244,4.53112703813991,1.33404550433579
"c11.loc76","11",80.6976,0.362040070802834,4.33113450873384,1.45173557707824
"c11.loc78","11",82.6976,0.315553688353134,4.06560979016672,1.51734162209397
"D11Mit48","11",82.957,0.310606172312191,4.0275451770687,1.52206998723705
"D12Mit182","12",5.5212,1.46756432014854,7.27886648582194,4.77455782947027
"c12.loc2","12",7.5212,1.71791712556302,7.9326466712032,5.3239410790236
"c12.loc4","12",9.5212,1.97657230216248,8.42681102941651,5.78525631973389
"c12.loc6","12",11.5212,2.21041065753099,8.71689035543767,6.09513622241741
"c12.loc8","12",13.5212,2.39020857465158,8.7904975698524,6.21978326091534
"c12.loc10","12",15.5212,2.50255109450455,8.65300344452345,6.15532213323803
"c12.loc12","12",17.5212,2.55029866673681,8.31911635707525,5.92148158117988
"c12.loc14","12",19.5212,2.54569057645432,7.81190376912679,5.55512982142864
"c12.loc16","12",21.5212,2.50337845593202,7.16610484113096,5.10519827871985
"D12Mit285","12",23.465,2.43868785490548,6.4542085627665,4.64011967990018
"c12.loc18","12",23.5212,2.44862829107535,6.49290705358567,4.65829148121088
"c12.loc20","12",25.5212,2.70853162953102,7.2409903869368,5.08856513997637
"c12.loc22","12",27.5212,2.83353281256262,6.9436624914407,5.02623328611776
"c12.loc24","12",29.5212,2.88852706854868,5.91892797366194,4.39950862219376
"D12Mit91","12",30.058,2.89634599823341,5.5598595893851,4.15274252028360
"D12Mit201","12",30.2,3.57420844173464,5.22107474160526,4.42460668547295
"c12.loc26","12",31.5212,3.57801316969392,5.12158048172188,4.36381522031263
"c12.loc28","12",33.5212,3.5453031593496,4.90350077014358,4.1921608626144
"c12.loc30","12",35.5212,3.46136465061187,4.60877031281132,3.92767662164067
"c12.loc32","12",37.5212,3.32448665208420,4.24604697043827,3.58223958740251
"c12.loc34","12",39.5212,3.13823373186193,3.82804830798187,3.17676950222153
"c12.loc36","12",41.5212,2.91186091492676,3.37242245697399,2.73969832901497
"c12.loc38","12",43.5212,2.65920253157964,2.90153616859646,2.30313609886343
"c12.loc40","12",45.5212,2.3959516805063,2.44009294824554,1.89663416951453
"c12.loc42","12",47.5212,2.13642757199068,2.01074925047567,1.54077660020846
"c12.loc44","12",49.5212,1.89137851916001,1.62961827838745,1.24433659041534
"D12Mit97","12",50.426,1.78719777792992,1.47535767378037,1.12971816782505
"c12.loc46","12",51.5212,1.86505739895762,1.31871634406622,1.1735544096897
"c12.loc48","12",53.5212,1.99662554448639,1.02329744544551,1.25189727330650
"c12.loc50","12",55.5212,2.06863504864066,0.73418364194913,1.30325618611164
"c12.loc52","12",57.5212,2.02447471318112,0.476684535220102,1.29228937395442
"c12.loc54","12",59.5212,1.8355268119318,0.273473647962874,1.20217026595753
"D12Mit262","12",60.561,1.68703284821635,0.193679097877293,1.12822575297787
"c12.loc56","12",61.5212,1.76027937026691,0.0364089015324112,0.83132200334694
"D12Nds2","12",62.22,1.59116038084267,0.00604252145768669,0.599313261923044
"D13Mit207","13",5.921,1.65093199135902,1.04155606429958,1.36561249669234
"c13.loc2","13",7.921,1.6842300763999,1.03987547337317,1.45425413846931
"c13.loc4","13",9.921,1.70597457981393,1.03471714904816,1.54573899963572
"c13.loc6","13",11.921,1.71171295830050,1.02413486351344,1.63567578323722
"c13.loc8","13",13.921,1.69717390473085,1.00609849898245,1.71815544897896
"c13.loc10","13",15.921,1.65912362512540,0.978934189884,1.78626157438407
"c13.loc12","13",17.921,1.59624978342453,0.941887264533136,1.83307826965984
"c13.loc14","13",19.921,1.50973797162999,0.89561039690517,1.85300085669206
"c13.loc16","13",21.921,1.40327417967336,0.842316106178544,1.84297081446897
"c13.loc18","13",23.921,1.28244779540074,0.785439214159965,1.80322115336440
"c13.loc20","13",25.921,1.15377988585612,0.728904528882936,1.73725234567956
"c13.loc22","13",27.921,1.02369778411980,0.676306294209041,1.65102744385217
"c13.loc24","13",29.921,0.897711877768415,0.630314848482328,1.55167516921284
"c13.loc26","13",31.921,0.779926997273321,0.592454055496091,1.4461607379518
"c13.loc28","13",33.921,0.672908657925689,0.563197280418592,1.34032201754974
"D13Mit66","13",34.544,0.641989441032763,0.555808069363991,1.30800337414973
"c13.loc30","13",35.921,0.677648539892573,0.546193954043645,1.41391824751611
"c13.loc32","13",37.921,0.732120979373406,0.528352845587847,1.58046163934728
"c13.loc34","13",39.921,0.78897258265016,0.506573286598609,1.76039572998047
"c13.loc36","13",41.921,0.84686062449066,0.482757554698935,1.95067397744668
"c13.loc38","13",43.921,0.903857937962869,0.460485680847967,2.14692341733098
"c13.loc40","13",45.921,0.957428558325262,0.445088975011174,2.34359511465993
"c13.loc42","13",47.921,1.00456600900151,0.442950655765799,2.53434027752007
"c13.loc44","13",49.921,1.0421576491442,0.459860347176061,2.71258796519840
"c13.loc46","13",51.921,1.06753028625013,0.498913278852967,2.87223379284978
"c13.loc48","13",53.921,1.07900160144703,0.559097878746115,3.00829995934578
"c13.loc50","13",55.921,1.07622302088015,0.635534745027769,3.11742676556599
"c13.loc52","13",57.921,1.06019347053291,0.721208474688979,3.19810732689001
"c13.loc54","13",59.921,1.03297316804492,0.809070077897388,3.25065086001734
"c13.loc56","13",61.921,0.997230893059395,0.893486525271953,3.27692196164662
"c13.loc58","13",63.921,0.955778581266884,0.970756166629258,3.27993683732325
"D13Mit204","13",65.4302,0.922307539575343,1.02310915368207,3.26905758643778
"D14Mit11","14",6.325,0.544018674407937,0.198538280488094,0.212191311164133
"c14.loc2","14",8.325,0.587244314641111,0.183653821849589,0.283911375854245
"c14.loc4","14",10.325,0.638725600420628,0.159167148963888,0.373402245657985
"c14.loc6","14",12.325,0.694510957777993,0.127948991448079,0.475739381817505
"c14.loc8","14",14.325,0.750737133957045,0.0955739106052533,0.583387136231977
"c14.loc10","14",16.325,0.804090593023773,0.0683093229178553,0.688256694038898
"c14.loc12","14",18.325,0.851747572803902,0.0503798197534024,0.783671120701399
"c14.loc14","14",20.325,0.891543378841334,0.0426420891456019,0.865397979697093
"D14Mit120","14",20.882,0.90104838840972,0.0420990761336384,0.88543579957178
"c14.loc16","14",22.325,0.926739929930534,0.0755947135965016,1.01282770419266
"c14.loc18","14",24.325,0.945467910921707,0.143304581546829,1.20027383837379
"c14.loc20","14",26.325,0.940773312161355,0.235384620782895,1.38247008594419
"c14.loc22","14",28.325,0.912391926974578,0.345626600942524,1.53399856352223
"c14.loc24","14",30.325,0.864962169726198,0.462207193976667,1.63225218742855
"c14.loc26","14",32.325,0.806403591064338,0.571826032955300,1.66724322100941
"c14.loc28","14",34.325,0.744739288379265,0.66465324915066,1.64513493426495
"c14.loc30","14",36.325,0.685622617592173,0.736624131895042,1.58305079740762
"D14Mit68","14",37.6112,0.650364962698859,0.77212707327601,1.53080536153806
"c14.loc32","14",38.325,0.675394624793,0.756271662819415,1.53084796469085
"c14.loc34","14",40.325,0.746986413897844,0.706662570386641,1.52084191835041
"c14.loc36","14",42.325,0.818060100974321,0.649259889838731,1.49356115372859
"c14.loc38","14",44.325,0.884607694324018,0.584493254400172,1.44680037901594
"c14.loc40","14",46.325,0.942447768333977,0.513729874241108,1.37981684623963
"c14.loc42","14",48.325,0.98797622297974,0.439325880388651,1.29376637046761
"c14.loc44","14",50.325,1.01878344823137,0.364401362351146,1.19180996353572
"c14.loc46","14",52.325,1.03393877124967,0.292354252843609,1.07882120719569
"c14.loc48","14",54.325,1.03394443309497,0.22626453139992,0.960722587425664
"c14.loc50","14",56.325,1.02047984852408,0.168402558600690,0.843568926639136
"c14.loc52","14",58.325,0.996037942806197,0.119994641311905,0.732609083598902
"c14.loc54","14",60.325,0.963509986054476,0.0812655149218813,0.631621238658795
"D14Mit97","14",62.2028,0.928185240704295,0.0532318158927865,0.547772381511095
"D15Mit13","15",1.843,0.0468610906541471,0.406145352234375,0.073178205162094
"c15.loc2","15",3.843,0.107251905307692,0.499020628803805,0.0614357679339719
"c15.loc4","15",5.843,0.197128688810608,0.601361824410844,0.0758323254974584
"c15.loc6","15",7.843,0.311774615370496,0.708740725084851,0.118313907519223
"c15.loc8","15",9.843,0.438410457280384,0.81631055079805,0.187010157877864
"c15.loc10","15",11.843,0.560927141192792,0.917840516884326,0.276830004145495
"c15.loc12","15",13.843,0.666493731033768,1.00601534048610,0.380799067822068
"D15Mit85","15",15.739,0.745156613727943,1.07132375986737,0.485671444906586
"c15.loc14","15",15.843,0.750316813169206,1.07316684812787,0.492333020909939
"c15.loc16","15",17.843,0.813466553861304,1.09082232275460,0.623497815229882
"c15.loc18","15",19.843,0.789526415384955,1.07139126119904,0.751568564804984
"c15.loc20","15",21.843,0.68537574708671,1.01907792193185,0.863414861820672
"D15Mit183","15",21.956,0.677954059984302,1.01539528591235,0.869043187882937
"c15.loc22","15",23.843,0.698199493195034,1.04868169896753,0.77560651062339
"c15.loc24","15",25.843,0.71964049510592,1.09181851815873,0.670358049305889
"c15.loc26","15",27.843,0.740757262551142,1.14110451836927,0.576550576111003
"c15.loc28","15",29.843,0.760551697887195,1.18861128311210,0.513324353653104
"c15.loc30","15",31.843,0.776157042506156,1.22198715060335,0.488523867943854
"D15Mit105","15",33.4197,0.782703624187548,1.23097084282745,0.490343500025347
"c15.loc32","15",33.843,0.767278508263587,1.19321313088523,0.472797107308793
"c15.loc34","15",35.843,0.688534429990625,0.995944855629716,0.385792939758005
"c15.loc36","15",37.843,0.600316581047821,0.774516612528089,0.297157156899232
"c15.loc38","15",39.843,0.505128901749913,0.546773858486347,0.216999347120236
"c15.loc40","15",41.843,0.408680589271512,0.340725223937113,0.157252480300258
"c15.loc42","15",43.843,0.318780426579963,0.187163792512422,0.126466057687082
"c15.loc44","15",45.843,0.242507501194154,0.104173895311931,0.124407859113717
"c15.loc46","15",47.843,0.183565835961076,0.0864448698255273,0.141773880817766
"c15.loc48","15",49.843,0.141833143738438,0.112039319369558,0.165758953475120
"c15.loc50","15",51.843,0.114865667888637,0.157421290986520,0.186151747577298
"D15Mit161","15",52.7807,0.106435992826277,0.180520758959801,0.192832350772903
"D16Mit154","16",2.5868,0.38594208109015,0.629464196317201,1.23990432812019
"D16Mit181","16",2.8971,0.212667076822527,0.265437652353512,0.578736990723144
"c16.loc2","16",4.5868,0.211218947583689,0.361017184888624,0.618739169294429
"c16.loc4","16",6.5868,0.213060926439141,0.513152035981534,0.675298980984678
"c16.loc6","16",8.5868,0.219047150266988,0.711533229508802,0.74011906427478
"c16.loc8","16",10.5868,0.229148953445019,0.95079590086749,0.808937994759503
"c16.loc10","16",12.5868,0.242916708153984,1.21313895810391,0.875367271129846
"c16.loc12","16",14.5868,0.25956105065643,1.47261411706711,0.93248686084155
"c16.loc14","16",16.5868,0.278191986473985,1.70397680712205,0.974971651364172
"c16.loc16","16",18.5868,0.298078035156095,1.88992793379873,1.00073880348185
"c16.loc18","16",20.5868,0.318768852763526,2.02401578895274,1.01129229679316
"c16.loc20","16",22.5868,0.340049952907066,2.10947143626157,1.01056558563710
"D16Mit60","16",23.2733,0.347471459168844,2.12913648185372,1.00854580767071
"c16.loc22","16",24.5868,0.394752362360691,2.16271283861607,1.13603761564485
"c16.loc24","16",26.5868,0.462159645285055,2.12391541031974,1.29515325066859
"c16.loc26","16",28.5868,0.510946695426298,1.94697827477017,1.37283813162134
"c16.loc28","16",30.5868,0.528228583801251,1.63284758671909,1.34343949441302
"c16.loc30","16",32.5868,0.510418702938694,1.23290032387933,1.21600350435864
"c16.loc32","16",34.5868,0.465876377833808,0.831603550051057,1.03095745338658
"c16.loc34","16",36.5868,0.409555695972472,0.501233109338955,0.838917114149126
"c16.loc36","16",38.5868,0.354981007918525,0.269339675122922,0.677240865316548
"D16Mit76","16",38.952,0.345918565934426,0.237219550275711,0.652499224717417
"c16.loc38","16",40.5868,0.352934055241633,0.267295593591655,0.713957078983753
"c16.loc40","16",42.5868,0.387396637673135,0.300524772458630,0.780984960037244
"c16.loc42","16",44.5868,0.457617223525801,0.325907494652256,0.832508447696682
"c16.loc44","16",46.5868,0.561070688581538,0.341137223913506,0.861731031765999
"c16.loc46","16",48.5868,0.684076268368756,0.345881624998015,0.863397395094978
"c16.loc48","16",50.5868,0.808515453661414,0.340796445558624,0.836093845302685
"c16.loc50","16",52.5868,0.91952929860713,0.327120391169785,0.78414997182341
"D16Mit52","16",53.7316,0.973619815776146,0.316256869799417,0.746897804836067
"D16Mit86","16",54.315,0.796760544219751,0.348595627863688,0.540323684724967
"D17Mit180","17",26.7052,1.48552636324621,0.94744777918612,0.81696380559032
"c17.loc2","17",28.7052,1.47100428577318,0.909338444548439,0.896503129372093
"c17.loc4","17",30.7052,1.42540176253488,0.842149688285986,0.975872298172419
"c17.loc6","17",32.7052,1.34679584724137,0.749796094565909,1.04807481279755
"c17.loc8","17",34.7052,1.24088812508336,0.642761773402015,1.10369168749253
"c17.loc10","17",36.7052,1.12047057027496,0.535992755210657,1.13376717463092
"c17.loc12","17",38.7052,1.00105742214384,0.443629338358846,1.13360516219905
"c17.loc14","17",40.7052,0.89497200354674,0.373871820993259,1.10467348619801
"c17.loc16","17",42.7052,0.807845276550438,0.327750221064207,1.05347850884067
"c17.loc18","17",44.7052,0.739296255414729,0.30154356394155,0.988643953548774
"D17Mit93","17",45.196,0.724943042614029,0.297545246604841,0.971603400312858
"c17.loc20","17",46.7052,0.72951575163745,0.320035283091556,1.01951833932725
"c17.loc22","17",48.7052,0.729483947750566,0.369703527497734,1.08347150682789
"c17.loc24","17",50.7052,0.71819209319085,0.425777967835245,1.12674579874522
"c17.loc26","17",52.7052,0.69031424098489,0.464290031942539,1.12233115956866
"c17.loc28","17",54.7052,0.642403771780096,0.465320055861639,1.05109611669189
"c17.loc30","17",56.7052,0.575823083907153,0.423533380486674,0.915331917032233
"c17.loc32","17",58.7052,0.497091891708067,0.349682807916565,0.740019614152573
"D17Mit123","17",60.6705,0.416479588478353,0.26441570862346,0.561436598630337
"D18Mit60","18",18.0372,0.723015067052529,1.20243147718895,2.01007040020721
"c18.loc2","18",20.0372,0.685022053714079,1.48918124489671,2.30480916260615
"c18.loc4","18",22.0372,0.617659790735786,1.71424346192350,2.32951672608215
"D18Mit194","18",23.4316,0.552679330844114,1.72760787600720,2.17435970555437
"c18.loc6","18",24.0372,0.589051241530058,1.74545216156912,2.23499083774760
"c18.loc8","18",26.0372,0.724262324586107,1.80617880148702,2.44889611260572
"c18.loc10","18",28.0372,0.883435380680282,1.86899680777384,2.68321901868109
"c18.loc12","18",30.0372,1.06605891961476,1.93272321768529,2.9358150270337
"c18.loc14","18",32.0372,1.26924769155016,1.99565876011371,3.20230840250281
"c18.loc16","18",34.0372,1.48758268256910,2.0552980095336,3.4755879179055
"c18.loc18","18",36.0372,1.71359984878728,2.10785595566205,3.74572330747355
"c18.loc20","18",38.0372,1.93876047766838,2.14781218239756,4.00060328142428
"c18.loc22","18",40.0372,2.15445301557668,2.16810594446810,4.22730300125539
"c18.loc24","18",42.0372,2.35271321372426,2.16169429039417,4.41382073430651
"c18.loc26","18",44.0372,2.52673982285631,2.12423311741486,4.55074614626108
"c18.loc28","18",46.0372,2.67142574513235,2.05631389164807,4.63260425007678
"c18.loc30","18",48.0372,2.78389029424545,1.96367416897942,4.65869750856416
"c18.loc32","18",50.0372,2.86376460784754,1.85528002827505,4.63319692595945
"c18.loc34","18",52.0372,2.91303428003442,1.74057987187081,4.56431005851323
"c18.loc36","18",54.0372,2.93546948819659,1.62738101424253,4.46267090426392
"c18.loc38","18",56.0372,2.93584527475662,1.52096557264645,4.33943379964518
"D18Mit4","18",57.534,2.924713342578,1.44756259360724,4.23917515812894
"D19Mit32","19",3.0429,0.658350753095192,1.27317868457590,0.518838672842037
"c19.loc2","19",5.0429,0.608635282163618,1.39915414461029,0.58504215136935
"c19.loc4","19",7.0429,0.54893270452726,1.52818437548484,0.650740507961473
"c19.loc6","19",9.0429,0.479283459166368,1.64930130481940,0.710034960246503
"c19.loc8","19",11.0429,0.401010775858197,1.74580332824291,0.754932812985942
"c19.loc10","19",13.0429,0.317301978694672,1.79757587757052,0.776429680073818
"c19.loc12","19",15.0429,0.233503366258105,1.78705916620521,0.766957626089322
"c19.loc14","19",17.0429,0.156585753668992,1.70645041690676,0.723535380359749
"c19.loc16","19",19.0429,0.0934238460768597,1.56197121786994,0.64989826849768
"c19.loc18","19",21.0429,0.0484722367853578,1.37259658987421,0.55600929937134
"c19.loc20","19",23.0429,0.0223758345733245,1.16371000633268,0.454906955277863
"c19.loc22","19",25.0429,0.0124856534244486,0.958940410301693,0.358620294748505
"c19.loc24","19",27.0429,0.0145716253774708,0.774455270459498,0.27532823118122
"c19.loc26","19",29.0429,0.0243938543889044,0.617793932148743,0.208713855726046
"c19.loc28","19",31.0429,0.0385149543494663,0.489951416928363,0.15892953034313
"D19Mit88","19",32.232,0.047904185262098,0.426589793293374,0.136570915786763
"c19.loc30","19",33.0429,0.0588748728209794,0.434028370123485,0.121963220927512
"c19.loc32","19",35.0429,0.095980925492313,0.442906163932889,0.0901549048036259
"c19.loc34","19",37.0429,0.149782490416271,0.433933865034533,0.0709538574027988
"c19.loc36","19",39.0429,0.220610659485089,0.403703798212916,0.0726272575346343
"c19.loc38","19",41.0429,0.304028864564714,0.353628819983044,0.100037626681171
"c19.loc40","19",43.0429,0.391178840782914,0.291058584465475,0.150948118948065
"c19.loc42","19",45.0429,0.47200933973977,0.22698855843862,0.215845925258066
"c19.loc44","19",47.0429,0.539132128862434,0.171413746769360,0.282163105571897
"c19.loc46","19",49.0429,0.589619480157864,0.12987938369929,0.339472510411724
"D19Mit1","19",50.3188,0.613421662135295,0.111261111217686,0.368539479043363
