,"chr","pos","Bw3","Bw4","Bw5","Bw6","Afw","Afp","Mw","Liver","Kidney","Spleen"
"D1Mit68",1,13320221,0.94,2.13,2.72,2.74,0.88,0.39,1.61,3.14,2.65,1.72
"c1.loc2",1,19135576,0.97,2.31,2.87,2.84,0.92,0.42,1.83,3.13,2.8,2.01
"c1.loc4",1,2000930,0.99,2.48,2.99,2.91,0.97,0.45,2.03,3.08,2.91,2.28
"c1.loc6",1,24561297,1,2.61,3.08,2.94,1,0.48,2.21,3,2.97,2.52
"c1.loc8",1,32303781,1,2.7,3.12,2.94,1.03,0.5,2.36,2.9,2.99,2.71
"c1.loc10",1,35344437,1,2.76,3.13,2.9,1.05,0.53,2.46,2.79,2.99,2.83
"c1.loc12",1,37927135,0.98,2.78,3.11,2.82,1.06,0.54,2.54,2.67,2.96,2.89
"c1.loc14",1,39297229,0.96,2.78,3.05,2.71,1.07,0.56,2.6,2.56,2.9,2.88
"c1.loc16",1,41119892,0.94,2.75,2.97,2.57,1.06,0.56,2.64,2.44,2.83,2.83
"c1.loc18",1,43100295,0.91,2.7,2.86,2.39,1.04,0.56,2.67,2.32,2.74,2.75
"D1Mit236",1,45435586,0.89,2.64,2.77,2.24,1.03,0.56,2.68,2.22,2.65,2.66
"c1.loc20",1,46933957,0.9,2.67,2.8,2.26,1.02,0.56,2.67,2.24,2.71,2.69
"c1.loc22",1,51343866,0.94,2.76,2.93,2.32,1,0.53,2.58,2.33,2.95,2.77
"c1.loc24",1,55406795,0.97,2.84,3.05,2.37,0.96,0.5,2.48,2.41,3.18,2.82
"c1.loc26",1,59569368,0.99,2.91,3.14,2.4,0.91,0.47,2.37,2.47,3.38,2.84
"c1.loc28",1,63112176,1,2.95,3.21,2.41,0.87,0.43,2.26,2.5,3.54,2.83
"c1.loc30",1,68374375,1,2.97,3.26,2.41,0.82,0.4,2.15,2.52,3.66,2.78
"c1.loc32",1,71732785,0.99,2.97,3.28,2.39,0.78,0.37,2.06,2.51,3.74,2.68
"c1.loc34",1,73905759,0.97,2.93,3.27,2.35,0.75,0.35,1.96,2.47,3.76,2.55
"D1Mit46",1,75839318,0.96,2.89,3.25,2.31,0.73,0.35,1.92,2.43,3.76,2.47
"c1.loc36",1,78271456,1.07,3.09,3.4,2.43,0.83,0.42,2.09,2.5,3.93,2.54
"c1.loc38",1,82364964,1.24,3.32,3.46,2.47,1.04,0.62,2.3,2.36,3.85,2.43
"D1Mit49",1,89098039,1.26,3.22,3.1,2.18,1.19,0.84,2.27,1.79,3.24,2.17
"c1.loc40",1,89143923,1.26,3.23,3.11,2.19,1.19,0.84,2.28,1.79,3.25,2.17
"c1.loc42",1,93305263,1.27,3.49,3.41,2.48,1.24,0.85,2.54,1.91,3.84,2.12
"c1.loc44",1,101638171,1.23,3.64,3.63,2.69,1.2,0.79,2.76,1.93,4.32,1.94
"c1.loc46",1,108669917,1.15,3.68,3.73,2.8,1.07,0.66,2.92,1.83,4.68,1.66
"c1.loc48",1,118784459,1.03,3.59,3.7,2.81,0.88,0.48,3,1.63,4.89,1.34
"D1Mit217",1,122498635,1,3.54,3.66,2.8,0.82,0.42,3.01,1.55,4.92,1.25
"c1.loc50",1,125787100,0.99,3.59,3.68,2.83,0.73,0.35,3.03,1.53,5.04,1.35
"c1.loc52",1,130423044,0.96,3.58,3.61,2.84,0.59,0.25,2.99,1.45,5.13,1.5
"c1.loc54",1,136019820,0.9,3.44,3.43,2.81,0.45,0.16,2.86,1.32,5.15,1.68
"c1.loc56",1,139430579,0.83,3.2,3.16,2.74,0.32,0.09,2.67,1.16,5.09,1.86
"c1.loc58",1,142735259,0.76,2.87,2.84,2.65,0.21,0.04,2.44,1,4.97,2.04
"c1.loc60",1,153281950,0.69,2.5,2.52,2.54,0.13,0.02,2.19,0.84,4.8,2.21
"c1.loc62",1,156219179,0.63,2.13,2.21,2.4,0.07,0.01,1.95,0.69,4.6,2.36
"c1.loc64",1,159978307,0.58,1.79,1.95,2.22,0.05,0.03,1.73,0.58,4.37,2.48
"D1Mit33",1,160335748,0.58,1.74,1.92,2.19,0.04,0.03,1.71,0.56,4.34,2.5
"c1.loc66",1,164224414,0.56,1.8,1.87,2.07,0.02,0.05,1.76,0.57,4.16,2.49
"c1.loc68",1,166729206,0.54,1.86,1.82,1.94,0.01,0.09,1.81,0.61,3.93,2.45
"c1.loc70",1,168682396,0.52,1.91,1.77,1.81,0,0.12,1.84,0.67,3.66,2.36
"D1Mit16",1,169774135,0.51,1.93,1.75,1.75,0,0.15,1.85,0.71,3.5,2.3
"c1.loc72",1,170119549,0.42,1.56,1.62,1.52,0.02,0.22,1.67,0.47,3.17,1.84
"D1Mit36",1,170915562,0.38,1.3,1.5,1.38,0.06,0.29,1.53,0.39,2.91,1.46
"c1.loc74",1,172902286,0.36,1.32,1.47,1.33,0.06,0.29,1.54,0.39,2.76,1.42
"c1.loc76",1,174622901,0.32,1.34,1.39,1.23,0.05,0.28,1.53,0.39,2.52,1.36
"c1.loc78",1,178141721,0.28,1.36,1.3,1.11,0.04,0.27,1.51,0.38,2.25,1.29
"c1.loc80",1,182052602,0.24,1.37,1.19,0.97,0.04,0.26,1.47,0.36,1.96,1.21
"c1.loc82",1,184886536,0.21,1.38,1.07,0.82,0.05,0.24,1.41,0.34,1.65,1.14
"c1.loc84",1,185628656,0.18,1.36,0.93,0.68,0.06,0.22,1.33,0.3,1.34,1.07
"c1.loc86",1,188808666,0.16,1.33,0.8,0.57,0.07,0.21,1.25,0.26,1.05,1.01
"c1.loc88",1,189797877,0.15,1.28,0.68,0.48,0.09,0.19,1.16,0.21,0.79,0.97
"c1.loc90",1,191000284,0.16,1.21,0.57,0.42,0.11,0.17,1.06,0.17,0.58,0.94
"c1.loc92",1,192420382,0.17,1.13,0.47,0.4,0.13,0.15,0.96,0.12,0.43,0.92
"D1Mit293",1,194623449,0.19,1.06,0.42,0.39,0.14,0.14,0.9,0.1,0.34,0.91
"D2Mit6",2,20814698,0.64,0.61,1.17,1.01,1.08,0.72,1.37,1.15,1.07,0.14
"c2.loc2",2,24520872,0.42,0.61,1.29,1.3,1.12,0.66,1.27,1.68,1.62,0.09
"c2.loc4",2,26148538,0.3,0.65,1.33,1.42,1.16,0.65,0.91,1.7,1.95,0.04
"D2Mit151",2,26349997,0.29,0.65,1.33,1.43,1.17,0.65,0.85,1.68,1.98,0.03
"c2.loc6",2,29649755,0.32,0.7,1.39,1.5,1.29,0.75,0.85,1.85,2.18,0.03
"c2.loc8",2,33818480,0.35,0.76,1.46,1.59,1.44,0.88,0.84,2.04,2.41,0.03
"c2.loc10",2,40813050,0.38,0.82,1.51,1.66,1.59,1.02,0.81,2.22,2.61,0.03
"c2.loc12",2,44156525,0.41,0.86,1.54,1.72,1.73,1.15,0.76,2.38,2.78,0.04
"c2.loc14",2,49339161,0.43,0.9,1.53,1.75,1.84,1.27,0.69,2.5,2.91,0.05
"c2.loc16",2,52643217,0.43,0.91,1.49,1.76,1.92,1.36,0.6,2.57,2.99,0.07
"c2.loc18",2,57747936,0.42,0.9,1.41,1.74,1.96,1.43,0.5,2.59,3.02,0.09
"c2.loc20",2,60232200,0.39,0.88,1.31,1.69,1.97,1.48,0.4,2.57,3.01,0.13
"c2.loc22",2,62652289,0.35,0.84,1.2,1.61,1.95,1.51,0.3,2.49,2.97,0.17
"c2.loc24",2,65516691,0.31,0.79,1.08,1.53,1.91,1.51,0.22,2.38,2.89,0.21
"c2.loc26",2,69228690,0.28,0.74,0.97,1.43,1.85,1.5,0.16,2.24,2.8,0.24
"c2.loc28",2,71373382,0.24,0.69,0.87,1.34,1.78,1.48,0.11,2.09,2.68,0.28
"D2Mit92",2,71417792,0.24,0.69,0.86,1.33,1.77,1.48,0.11,2.08,2.68,0.28
"c2.loc30",2,75167244,0.29,0.73,0.95,1.44,1.89,1.57,0.11,2.25,2.75,0.37
"c2.loc32",2,77886518,0.34,0.79,1.04,1.55,2,1.66,0.11,2.41,2.8,0.49
"c2.loc34",2,80659449,0.41,0.85,1.13,1.64,2.1,1.74,0.11,2.53,2.8,0.62
"c2.loc36",2,91109014,0.49,0.9,1.21,1.7,2.17,1.8,0.11,2.61,2.76,0.75
"c2.loc38",2,97926311,0.56,0.94,1.28,1.71,2.2,1.84,0.1,2.66,2.67,0.87
"c2.loc40",2,104005458,0.63,0.98,1.34,1.69,2.2,1.85,0.1,2.68,2.53,0.98
"c2.loc42",2,109517127,0.68,1,1.37,1.64,2.16,1.84,0.09,2.66,2.35,1.08
"c2.loc44",2,116105609,0.72,1.02,1.38,1.55,2.09,1.8,0.08,2.61,2.14,1.15
"c2.loc46",2,122384350,0.76,1.02,1.37,1.45,2,1.74,0.07,2.53,1.92,1.21
"c2.loc48",2,128296050,0.78,1.01,1.35,1.33,1.89,1.67,0.06,2.44,1.7,1.24
"D2Mit447",2,128589097,0.78,1.01,1.35,1.33,1.89,1.67,0.06,2.44,1.7,1.24
"c2.loc50",2,132376615,0.74,1.02,1.37,1.38,1.91,1.69,0.06,2.5,1.71,1.28
"c2.loc52",2,135478831,0.69,1.02,1.39,1.42,1.92,1.7,0.06,2.56,1.72,1.31
"c2.loc54",2,139358111,0.64,1.01,1.4,1.46,1.93,1.7,0.06,2.62,1.73,1.35
"c2.loc56",2,142405483,0.57,1,1.4,1.5,1.93,1.7,0.07,2.68,1.72,1.37
"c2.loc58",2,147254536,0.49,0.98,1.41,1.53,1.93,1.68,0.07,2.73,1.7,1.39
"c2.loc60",2,150369744,0.4,0.95,1.41,1.57,1.92,1.65,0.08,2.77,1.67,1.39
"c2.loc62",2,154269149,0.31,0.93,1.42,1.61,1.91,1.62,0.09,2.79,1.62,1.38
"c2.loc64",2,157790436,0.21,0.92,1.43,1.64,1.91,1.58,0.11,2.79,1.55,1.35
"c2.loc66",2,159794418,0.11,0.92,1.46,1.68,1.91,1.54,0.15,2.78,1.47,1.31
"c2.loc68",2,161969931,0.04,0.94,1.49,1.71,1.92,1.5,0.21,2.73,1.38,1.25
"c2.loc70",2,164021492,0.01,0.98,1.53,1.74,1.91,1.45,0.28,2.67,1.28,1.18
"c2.loc72",2,166160295,0,1.02,1.56,1.76,1.9,1.41,0.36,2.59,1.17,1.1
"c2.loc74",2,168132671,0.04,1.06,1.59,1.77,1.88,1.36,0.44,2.49,1.06,1.02
"c2.loc76",2,170050091,0.09,1.1,1.62,1.77,1.84,1.3,0.51,2.38,0.95,0.94
"c2.loc78",2,170711419,0.16,1.13,1.63,1.75,1.79,1.24,0.58,2.26,0.84,0.87
"c2.loc80",2,171543504,0.23,1.15,1.64,1.73,1.73,1.18,0.65,2.12,0.74,0.79
"c2.loc82",2,173284820,0.3,1.16,1.63,1.7,1.66,1.11,0.7,1.98,0.65,0.73
"c2.loc84",2,175683638,0.36,1.16,1.61,1.66,1.59,1.05,0.75,1.83,0.57,0.67
"c2.loc86",2,178625959,0.42,1.16,1.59,1.61,1.52,0.99,0.78,1.68,0.5,0.61
"c2.loc88",2,179841940,0.47,1.16,1.57,1.57,1.45,0.93,0.82,1.54,0.44,0.56
"D2Mit266",2,181608042,0.49,1.16,1.55,1.54,1.4,0.89,0.83,1.46,0.41,0.53
"D3Mit151",3,31137334,0.19,0.1,0.52,0.72,0.23,0.06,0.5,2.11,0.64,1.81
"c3.loc2",3,35533549,0.23,0.13,0.58,0.78,0.24,0.06,0.53,2.29,0.72,1.8
"c3.loc4",3,39816051,0.28,0.16,0.65,0.83,0.26,0.06,0.57,2.48,0.82,1.78
"c3.loc6",3,47743262,0.34,0.2,0.72,0.88,0.27,0.07,0.61,2.67,0.92,1.74
"c3.loc8",3,52062087,0.41,0.25,0.8,0.91,0.27,0.07,0.65,2.83,1.02,1.67
"c3.loc10",3,53277421,0.48,0.3,0.88,0.95,0.28,0.07,0.69,2.96,1.1,1.59
"c3.loc12",3,56275020,0.56,0.36,0.96,0.97,0.29,0.08,0.73,3.06,1.17,1.49
"c3.loc14",3,60753471,0.63,0.42,1.04,0.98,0.3,0.09,0.76,3.1,1.23,1.38
"c3.loc16",3,67530019,0.7,0.48,1.12,0.98,0.31,0.12,0.77,3.1,1.25,1.26
"c3.loc18",3,73210359,0.75,0.53,1.18,0.96,0.33,0.14,0.76,3.05,1.26,1.14
"c3.loc20",3,79752980,0.79,0.57,1.23,0.94,0.35,0.17,0.73,2.96,1.24,1.04
"c3.loc22",3,83193641,0.82,0.6,1.25,0.91,0.36,0.2,0.69,2.83,1.21,0.95
"D3Mit73",3,85581237,0.83,0.61,1.26,0.9,0.37,0.21,0.67,2.79,1.2,0.92
"c3.loc24",3,89428685,0.92,0.59,1.27,0.83,0.42,0.27,0.67,2.65,1.2,0.79
"c3.loc26",3,95615208,1.08,0.56,1.29,0.73,0.51,0.4,0.65,2.42,1.18,0.6
"c3.loc28",3,99557927,1.24,0.53,1.33,0.64,0.62,0.55,0.61,2.17,1.17,0.41
"c3.loc30",3,102177347,1.37,0.5,1.38,0.55,0.73,0.71,0.55,1.91,1.17,0.25
"c3.loc32",3,108285044,1.43,0.45,1.39,0.47,0.81,0.85,0.46,1.69,1.17,0.12
"c3.loc34",3,112681385,1.42,0.4,1.36,0.4,0.86,0.94,0.35,1.51,1.16,0.04
"c3.loc36",3,117259964,1.36,0.35,1.28,0.33,0.87,0.99,0.25,1.38,1.11,0
"D3Mit42",3,121414594,1.28,0.31,1.19,0.3,0.85,1,0.18,1.27,1.03,0.01
"c3.loc38",3,122062519,1.28,0.32,1.2,0.3,0.85,1,0.18,1.27,1.03,0.01
"c3.loc40",3,125780040,1.32,0.35,1.29,0.38,0.85,0.95,0.18,1.28,1.01,0.04
"c3.loc42",3,128387912,1.34,0.39,1.39,0.49,0.85,0.9,0.18,1.29,0.98,0.09
"c3.loc44",3,129533181,1.32,0.43,1.48,0.61,0.84,0.84,0.16,1.32,0.96,0.18
"c3.loc46",3,131433683,1.25,0.47,1.55,0.75,0.82,0.76,0.14,1.37,0.92,0.31
"c3.loc48",3,136109666,1.14,0.5,1.57,0.88,0.79,0.67,0.1,1.42,0.87,0.47
"c3.loc50",3,139866099,0.98,0.51,1.53,0.98,0.73,0.57,0.06,1.44,0.78,0.64
"c3.loc52",3,143273579,0.8,0.5,1.44,1.04,0.67,0.47,0.03,1.43,0.68,0.82
"c3.loc54",3,144552854,0.6,0.48,1.31,1.05,0.59,0.37,0.01,1.38,0.57,0.97
"c3.loc56",3,146100201,0.43,0.46,1.15,1.04,0.52,0.29,0,1.3,0.47,1.1
"c3.loc58",3,148153549,0.3,0.43,1,1,0.45,0.23,0.02,1.2,0.4,1.19
"c3.loc60",3,148875111,0.2,0.41,0.86,0.94,0.39,0.18,0.04,1.1,0.36,1.26
"c3.loc62",3,152687432,0.14,0.39,0.75,0.89,0.34,0.15,0.07,1.02,0.35,1.3
"D3Mit59",3,153889026,0.11,0.38,0.66,0.84,0.31,0.14,0.11,0.96,0.35,1.32
"D4Mit196",4,39477996,0.83,1,1.7,2.09,1.15,1,0.61,1.82,0.86,0.25
"c4.loc2",4,41844935,0.78,0.93,1.71,2.2,1.06,0.9,0.48,1.8,0.95,0.34
"c4.loc4",4,45672865,0.71,0.83,1.62,2.2,0.93,0.76,0.36,1.7,1.03,0.44
"c4.loc6",4,48610501,0.63,0.71,1.43,2.09,0.76,0.61,0.26,1.52,1.06,0.53
"c4.loc8",4,52241558,0.57,0.59,1.2,1.89,0.56,0.45,0.21,1.27,1.04,0.6
"c4.loc10",4,55689520,0.53,0.5,0.97,1.63,0.39,0.31,0.22,1,0.98,0.65
"D4Mit140",4,56260969,0.52,0.46,0.87,1.49,0.31,0.25,0.25,0.88,0.94,0.66
"c4.loc12",4,58384748,0.55,0.49,0.92,1.52,0.31,0.25,0.3,0.91,0.97,0.65
"c4.loc14",4,64863567,0.6,0.56,1.02,1.53,0.29,0.25,0.43,0.97,1.02,0.63
"c4.loc16",4,74241726,0.66,0.62,1.1,1.5,0.25,0.24,0.56,1,1.04,0.58
"c4.loc18",4,81013806,0.73,0.69,1.17,1.44,0.21,0.21,0.69,0.99,1.03,0.53
"c4.loc20",4,84499940,0.8,0.76,1.23,1.39,0.18,0.17,0.79,0.96,0.99,0.48
"c4.loc22",4,89625999,0.85,0.81,1.27,1.37,0.17,0.13,0.86,0.93,0.94,0.43
"c4.loc24",4,95628535,0.88,0.85,1.28,1.39,0.17,0.09,0.89,0.9,0.91,0.4
"D4Mit205",4,97276799,0.9,0.86,1.28,1.42,0.18,0.07,0.9,0.89,0.9,0.39
"c4.loc26",4,100815556,0.95,0.9,1.36,1.51,0.19,0.05,0.95,1.01,0.87,0.46
"c4.loc28",4,104283516,1.13,1.08,1.61,1.74,0.24,0.01,1.07,1.37,0.78,0.66
"c4.loc30",4,106885415,1.31,1.29,1.83,1.92,0.32,0.02,1.14,1.68,0.72,0.84
"c4.loc32",4,114330557,1.46,1.5,2.01,2.04,0.4,0.06,1.15,1.92,0.7,0.97
"D4Mit37",4,116887281,1.52,1.62,2.1,2.08,0.44,0.09,1.13,2.03,0.73,1.03
"c4.loc34",4,117745371,1.54,1.65,2.17,2.16,0.47,0.11,1.16,2.14,0.75,1.11
"c4.loc36",4,119960984,1.57,1.71,2.34,2.35,0.55,0.16,1.2,2.47,0.81,1.35
"c4.loc38",4,124824728,1.54,1.74,2.45,2.48,0.65,0.22,1.2,2.8,0.85,1.6
"c4.loc40",4,125911791,1.46,1.74,2.52,2.56,0.73,0.3,1.16,3.09,0.85,1.85
"c4.loc42",4,128369891,1.34,1.71,2.52,2.58,0.81,0.39,1.08,3.31,0.81,2.09
"c4.loc44",4,130524366,1.21,1.66,2.46,2.54,0.86,0.47,0.98,3.46,0.74,2.3
"c4.loc46",4,132551756,1.1,1.59,2.36,2.46,0.89,0.53,0.87,3.51,0.65,2.47
"c4.loc48",4,135505510,1.02,1.52,2.23,2.33,0.9,0.58,0.77,3.49,0.55,2.59
"D4Mit54",4,137471440,0.98,1.45,2.08,2.19,0.89,0.61,0.68,3.41,0.47,2.66
"c4.loc50",4,137890309,0.98,1.45,2.08,2.2,0.89,0.6,0.68,3.42,0.46,2.65
"c4.loc52",4,140260110,0.99,1.5,2.11,2.2,0.9,0.55,0.71,3.5,0.39,2.47
"c4.loc54",4,140999331,1.01,1.57,2.13,2.18,0.93,0.5,0.77,3.49,0.32,2.25
"c4.loc56",4,142388836,1.05,1.63,2.13,2.11,0.98,0.5,0.86,3.41,0.27,1.98
"c4.loc58",4,144547220,1.1,1.69,2.08,2.01,1.07,0.55,0.94,3.25,0.25,1.71
"c4.loc60",4,149142584,1.14,1.7,1.99,1.87,1.15,0.65,1.02,3.03,0.26,1.43
"c4.loc62",4,150579890,1.17,1.69,1.86,1.7,1.23,0.76,1.07,2.78,0.3,1.16
"D4Mit42",4,150944227,1.18,1.68,1.83,1.66,1.24,0.79,1.08,2.71,0.31,1.1
"D5Mit61",5,21104468,0.2,0.22,0.15,0.22,0.08,0.08,0.51,1.04,0.1,0.92
"c5.loc2",5,24407699,0.14,0.12,0.1,0.28,0.08,0.06,0.46,1.03,0.06,0.79
"c5.loc4",5,28513258,0.1,0.06,0.08,0.34,0.12,0.07,0.39,0.98,0.04,0.62
"c5.loc6",5,30444834,0.1,0.03,0.11,0.4,0.22,0.15,0.29,0.92,0.04,0.44
"D5Mit66",5,31796864,0.11,0.04,0.14,0.42,0.31,0.23,0.22,0.9,0.05,0.34
"c5.loc8",5,35275425,0.12,0.04,0.15,0.44,0.32,0.24,0.22,0.93,0.07,0.37
"c5.loc10",5,37628713,0.18,0.06,0.21,0.51,0.36,0.27,0.22,1.01,0.14,0.46
"c5.loc12",5,41121474,0.25,0.08,0.27,0.56,0.41,0.31,0.21,1.07,0.25,0.56
"c5.loc14",5,44371862,0.33,0.11,0.33,0.59,0.46,0.36,0.19,1.1,0.38,0.65
"c5.loc16",5,47189944,0.4,0.13,0.38,0.57,0.51,0.41,0.18,1.09,0.49,0.72
"c5.loc18",5,52773456,0.46,0.15,0.41,0.53,0.56,0.46,0.17,1.05,0.57,0.77
"c5.loc20",5,55134687,0.51,0.17,0.42,0.47,0.6,0.51,0.16,0.97,0.6,0.8
"c5.loc22",5,61593699,0.54,0.19,0.42,0.4,0.63,0.55,0.15,0.89,0.59,0.81
"D5Mit15",5,65814380,0.56,0.2,0.42,0.34,0.65,0.58,0.14,0.81,0.56,0.82
"c5.loc24",5,66430022,0.57,0.2,0.42,0.34,0.65,0.58,0.14,0.8,0.56,0.82
"c5.loc26",5,67052486,0.58,0.21,0.46,0.35,0.6,0.54,0.16,0.78,0.55,0.86
"c5.loc28",5,71798665,0.59,0.21,0.5,0.36,0.54,0.48,0.18,0.75,0.53,0.9
"c5.loc30",5,76257221,0.6,0.21,0.52,0.36,0.47,0.42,0.19,0.72,0.5,0.94
"c5.loc32",5,77985059,0.59,0.2,0.53,0.36,0.38,0.34,0.21,0.68,0.45,0.97
"c5.loc34",5,89180395,0.56,0.19,0.52,0.35,0.29,0.27,0.22,0.64,0.39,0.99
"c5.loc36",5,92524926,0.52,0.18,0.5,0.35,0.2,0.2,0.22,0.61,0.32,0.99
"c5.loc38",5,99095107,0.47,0.17,0.46,0.34,0.13,0.13,0.22,0.59,0.26,0.98
"c5.loc40",5,103625226,0.41,0.15,0.43,0.35,0.07,0.09,0.21,0.57,0.21,0.94
"c5.loc42",5,107548259,0.34,0.14,0.4,0.36,0.04,0.05,0.2,0.55,0.17,0.9
"c5.loc44",5,111919974,0.28,0.13,0.37,0.39,0.02,0.04,0.19,0.54,0.16,0.84
"D5Mit24",5,112746751,0.26,0.13,0.37,0.41,0.02,0.03,0.19,0.54,0.15,0.82
"c5.loc46",5,114513447,0.27,0.17,0.41,0.53,0.03,0.04,0.19,0.6,0.19,0.85
"c5.loc48",5,118527559,0.29,0.26,0.48,0.77,0.04,0.04,0.18,0.71,0.26,0.87
"c5.loc50",5,119309206,0.31,0.38,0.55,1.05,0.06,0.05,0.17,0.8,0.33,0.87
"c5.loc52",5,122197589,0.35,0.52,0.61,1.34,0.08,0.07,0.17,0.88,0.41,0.85
"D5Mit95",5,125309616,0.41,0.65,0.68,1.6,0.11,0.08,0.17,0.94,0.48,0.8
"c5.loc54",5,125486563,0.41,0.65,0.68,1.6,0.11,0.08,0.17,0.94,0.48,0.8
"c5.loc56",5,128048202,0.45,0.67,0.69,1.64,0.1,0.05,0.22,0.91,0.49,0.73
"c5.loc58",5,129282868,0.5,0.67,0.69,1.65,0.1,0.03,0.27,0.88,0.5,0.66
"c5.loc60",5,130966647,0.54,0.65,0.68,1.62,0.1,0.02,0.33,0.86,0.5,0.57
"c5.loc62",5,132742702,0.58,0.62,0.66,1.57,0.11,0.02,0.39,0.83,0.49,0.48
"c5.loc64",5,134313611,0.61,0.56,0.63,1.48,0.12,0.03,0.44,0.79,0.47,0.39
"c5.loc66",5,136713042,0.63,0.5,0.58,1.36,0.13,0.06,0.49,0.74,0.45,0.3
"D5Mit221",5,138397290,0.63,0.46,0.56,1.29,0.13,0.08,0.51,0.72,0.44,0.26
"D6Mit138",6,4090186,0.03,0.25,0.2,0.15,0.3,0.39,0.13,0.07,0.21,0.27
"c6.loc2",6,8341986,0.03,0.24,0.22,0.17,0.36,0.46,0.12,0.07,0.23,0.27
"c6.loc4",6,13823141,0.04,0.23,0.25,0.19,0.42,0.54,0.11,0.06,0.25,0.27
"c6.loc6",6,17388322,0.06,0.23,0.28,0.21,0.49,0.63,0.1,0.07,0.27,0.25
"c6.loc8",6,22729061,0.1,0.25,0.32,0.23,0.57,0.72,0.1,0.07,0.3,0.22
"c6.loc10",6,26001873,0.15,0.27,0.37,0.26,0.64,0.82,0.1,0.08,0.32,0.17
"c6.loc12",6,32546520,0.23,0.3,0.42,0.29,0.72,0.91,0.11,0.09,0.34,0.12
"c6.loc14",6,36971139,0.32,0.34,0.48,0.31,0.79,1,0.11,0.1,0.36,0.07
"c6.loc16",6,38416407,0.43,0.38,0.53,0.33,0.85,1.08,0.12,0.1,0.37,0.03
"c6.loc18",6,41586186,0.54,0.43,0.59,0.35,0.91,1.15,0.13,0.1,0.38,0.01
"c6.loc20",6,44965670,0.66,0.48,0.64,0.37,0.96,1.21,0.14,0.1,0.38,0.01
"D6Mit223",6,45179909,0.66,0.48,0.64,0.37,0.96,1.21,0.14,0.1,0.38,0.01
"c6.loc22",6,48904126,0.75,0.56,0.76,0.52,1.08,1.3,0.17,0.04,0.43,0
"c6.loc24",6,53203355,0.84,0.62,0.87,0.69,1.18,1.33,0.19,0.01,0.48,0
"c6.loc26",6,57019679,0.9,0.67,0.94,0.87,1.24,1.3,0.21,0.02,0.53,0.01
"c6.loc28",6,63704270,0.94,0.7,0.97,1.04,1.25,1.22,0.23,0.06,0.57,0.02
"c6.loc30",6,70159795,0.95,0.7,0.97,1.18,1.23,1.09,0.24,0.14,0.59,0.03
"D6Mit17",6,71123589,0.95,0.7,0.97,1.2,1.22,1.07,0.25,0.15,0.6,0.03
"c6.loc32",6,77097736,0.98,0.71,0.96,1.16,1.22,1.11,0.19,0.15,0.54,0.01
"c6.loc34",6,81586762,0.99,0.7,0.93,1.08,1.2,1.11,0.13,0.14,0.47,0.01
"c6.loc36",6,86991281,0.98,0.68,0.87,0.97,1.14,1.07,0.08,0.14,0.4,0.02
"c6.loc38",6,89080916,0.94,0.64,0.8,0.83,1.05,0.99,0.07,0.14,0.34,0.04
"c6.loc40",6,92860453,0.88,0.58,0.72,0.68,0.93,0.89,0.07,0.13,0.29,0.07
"c6.loc42",6,94851631,0.79,0.51,0.62,0.53,0.8,0.77,0.1,0.13,0.25,0.09
"c6.loc44",6,99526917,0.7,0.42,0.52,0.39,0.66,0.64,0.15,0.12,0.22,0.1
"c6.loc46",6,103349526,0.59,0.34,0.43,0.27,0.53,0.52,0.2,0.12,0.2,0.1
"D6Mit149",6,105068918,0.54,0.3,0.38,0.22,0.46,0.46,0.23,0.12,0.2,0.09
"D7Mit21",7,3266574,3.2,3.38,2.85,2.55,5.7,5.65,2.17,2.94,0.96,1.01
"c7.loc2",7,6691194,3.34,3.58,3.04,2.75,5.92,5.83,2.37,3.19,1.1,1.08
"c7.loc4",7,10115814,3.42,3.74,3.2,2.92,6.08,5.97,2.55,3.38,1.24,1.13
"c7.loc6",7,14082056,3.43,3.85,3.33,3.05,6.17,6.05,2.69,3.51,1.36,1.18
"c7.loc8",7,20030391,3.38,3.92,3.41,3.14,6.2,6.07,2.8,3.6,1.46,1.21
"c7.loc10",7,25415039,3.27,3.93,3.45,3.18,6.17,6.04,2.86,3.64,1.54,1.23
"c7.loc12",7,26361876,3.09,3.89,3.44,3.18,6.07,5.95,2.88,3.63,1.6,1.24
"c7.loc14",7,28254743,2.87,3.81,3.38,3.14,5.92,5.81,2.86,3.59,1.64,1.23
"c7.loc16",7,31213196,2.61,3.69,3.29,3.05,5.71,5.64,2.8,3.51,1.66,1.2
"D7Mit246",7,31415020,2.48,3.61,3.23,3,5.6,5.54,2.76,3.45,1.67,1.19
"c7.loc18",7,35277236,2.55,3.72,3.36,3.08,5.56,5.43,2.74,3.47,1.64,1.23
"c7.loc20",7,36985260,2.62,3.82,3.53,3.15,5.38,5.15,2.61,3.44,1.54,1.29
"c7.loc22",7,37931034,2.59,3.79,3.59,3.1,5.07,4.76,2.38,3.34,1.4,1.32
"c7.loc24",7,47452444,2.5,3.64,3.52,2.95,4.65,4.28,2.07,3.14,1.21,1.3
"c7.loc26",7,48198387,2.39,3.4,3.36,2.74,4.11,3.72,1.74,2.83,0.99,1.23
"D7Mit26",7,52640593,2.32,3.21,3.22,2.59,3.69,3.29,1.54,2.52,0.83,1.16
"c7.loc28",7,53594504,2.35,3.26,3.27,2.65,3.67,3.25,1.56,2.46,0.83,1.14
"c7.loc30",7,57331298,2.43,3.37,3.38,2.83,3.57,3.08,1.63,2.24,0.82,1.07
"c7.loc32",7,66180031,2.49,3.43,3.41,2.93,3.41,2.85,1.68,2,0.79,0.99
"c7.loc34",7,73683731,2.53,3.4,3.34,2.97,3.19,2.58,1.71,1.74,0.74,0.89
"c7.loc36",7,76028148,2.55,3.29,3.2,2.93,2.92,2.28,1.71,1.49,0.68,0.8
"c7.loc38",7,77998837,2.54,3.12,2.99,2.85,2.62,1.96,1.68,1.26,0.61,0.71
"c7.loc40",7,80668337,2.51,2.9,2.75,2.73,2.31,1.65,1.62,1.07,0.54,0.63
"c7.loc42",7,83674793,2.46,2.66,2.49,2.59,2,1.36,1.54,0.92,0.46,0.57
"D7Mit250",7,86521390,2.42,2.52,2.35,2.5,1.84,1.22,1.49,0.85,0.43,0.54
"c7.loc44",7,89143089,2.38,2.51,2.37,2.53,1.83,1.2,1.49,0.84,0.43,0.57
"c7.loc46",7,90952022,2.26,2.47,2.38,2.55,1.8,1.16,1.47,0.81,0.42,0.63
"c7.loc48",7,96657776,2.06,2.39,2.36,2.52,1.74,1.1,1.41,0.76,0.41,0.7
"c7.loc50",7,101548980,1.8,2.28,2.3,2.45,1.67,1.03,1.33,0.71,0.4,0.77
"c7.loc52",7,106003633,1.51,2.15,2.2,2.34,1.58,0.95,1.22,0.65,0.39,0.84
"c7.loc54",7,112734022,1.22,2.02,2.08,2.21,1.47,0.87,1.09,0.6,0.37,0.9
"c7.loc56",7,118030549,0.94,1.88,1.94,2.06,1.35,0.78,0.95,0.55,0.37,0.94
"c7.loc58",7,121740946,0.71,1.76,1.8,1.91,1.23,0.69,0.82,0.52,0.36,0.96
"D7Mit253",7,122709257,0.58,1.67,1.69,1.81,1.14,0.62,0.74,0.5,0.36,0.97
"c7.loc60",7,123769592,0.58,1.67,1.7,1.8,1.14,0.63,0.73,0.5,0.36,0.97
"c7.loc62",7,126641838,0.58,1.66,1.7,1.77,1.16,0.64,0.72,0.5,0.39,0.99
"c7.loc64",7,129522783,0.57,1.63,1.69,1.73,1.16,0.66,0.7,0.51,0.42,1
"c7.loc66",7,131512246,0.56,1.59,1.66,1.67,1.17,0.67,0.68,0.5,0.45,1
"c7.loc68",7,135168387,0.55,1.53,1.62,1.6,1.16,0.68,0.65,0.5,0.47,0.99
"c7.loc70",7,136525099,0.53,1.46,1.56,1.52,1.14,0.69,0.61,0.48,0.48,0.97
"c7.loc72",7,138498260,0.51,1.37,1.49,1.42,1.11,0.68,0.57,0.45,0.49,0.93
"c7.loc74",7,139308892,0.48,1.27,1.4,1.3,1.07,0.67,0.52,0.42,0.48,0.86
"c7.loc76",7,141244486,0.45,1.16,1.29,1.18,1.01,0.66,0.46,0.37,0.47,0.78
"c7.loc78",7,141947538,0.41,1.05,1.18,1.04,0.95,0.63,0.41,0.33,0.44,0.69
"c7.loc80",7,143809629,0.37,0.94,1.07,0.9,0.87,0.6,0.35,0.28,0.41,0.61
"c7.loc82",7,146269489,0.33,0.84,0.95,0.76,0.78,0.56,0.29,0.23,0.38,0.53
"c7.loc84",7,147922418,0.3,0.76,0.84,0.63,0.7,0.52,0.24,0.19,0.35,0.47
"c7.loc86",7,149516801,0.27,0.68,0.74,0.51,0.61,0.48,0.19,0.15,0.32,0.42
"D7Mit259",7,151830463,0.25,0.64,0.7,0.46,0.57,0.46,0.17,0.14,0.31,0.4
"D8Mit4",8,33127124,2.04,1.82,1.88,1.24,0.86,0.63,1.63,1.38,1.56,0.25
"c8.loc2",8,34923470,1.88,1.74,1.82,1.18,0.82,0.61,1.65,1.32,1.51,0.25
"c8.loc4",8,37175448,1.71,1.64,1.74,1.1,0.77,0.58,1.65,1.25,1.44,0.25
"c8.loc6",8,46101188,1.53,1.51,1.64,1.01,0.71,0.55,1.62,1.15,1.36,0.25
"c8.loc8",8,48815611,1.34,1.37,1.51,0.92,0.65,0.51,1.57,1.04,1.27,0.26
"c8.loc10",8,52811923,1.15,1.22,1.36,0.81,0.58,0.47,1.5,0.91,1.17,0.26
"c8.loc12",8,63273339,0.97,1.06,1.2,0.71,0.52,0.43,1.41,0.78,1.07,0.27
"c8.loc14",8,67878164,0.79,0.91,1.05,0.62,0.45,0.39,1.3,0.64,0.96,0.27
"c8.loc16",8,74732836,0.63,0.76,0.9,0.53,0.38,0.34,1.19,0.51,0.85,0.28
"c8.loc18",8,80782586,0.48,0.63,0.76,0.45,0.32,0.3,1.08,0.39,0.75,0.29
"D8Mit249",8,83463519,0.38,0.53,0.66,0.39,0.27,0.26,0.98,0.3,0.67,0.29
"c8.loc20",8,83722885,0.35,0.51,0.64,0.39,0.27,0.26,0.96,0.28,0.67,0.3
"c8.loc22",8,86860568,0.16,0.43,0.54,0.46,0.3,0.29,0.85,0.14,0.67,0.37
"D8Mit45",8,89900637,0.12,0.43,0.53,0.53,0.34,0.32,0.83,0.1,0.67,0.4
"c8.loc24",8,90561431,0.12,0.43,0.53,0.54,0.34,0.32,0.84,0.1,0.69,0.41
"c8.loc26",8,94840870,0.14,0.42,0.53,0.54,0.36,0.34,0.87,0.1,0.72,0.44
"c8.loc28",8,97358140,0.16,0.41,0.52,0.53,0.37,0.35,0.9,0.1,0.75,0.47
"c8.loc30",8,100331591,0.18,0.41,0.51,0.52,0.38,0.36,0.93,0.09,0.77,0.49
"c8.loc32",8,105184230,0.2,0.41,0.49,0.5,0.38,0.37,0.97,0.09,0.79,0.5
"c8.loc34",8,105984904,0.23,0.42,0.47,0.47,0.39,0.38,1.02,0.08,0.8,0.49
"c8.loc36",8,110434761,0.26,0.44,0.44,0.44,0.39,0.38,1.07,0.07,0.8,0.47
"c8.loc38",8,111860331,0.29,0.47,0.41,0.41,0.38,0.38,1.13,0.07,0.79,0.43
"c8.loc40",8,115577753,0.32,0.51,0.38,0.4,0.38,0.38,1.18,0.06,0.77,0.38
"c8.loc42",8,116898347,0.35,0.56,0.35,0.39,0.38,0.37,1.23,0.05,0.75,0.32
"c8.loc44",8,118703634,0.39,0.61,0.34,0.4,0.39,0.36,1.27,0.04,0.72,0.26
"c8.loc46",8,120248110,0.43,0.66,0.32,0.43,0.39,0.35,1.29,0.04,0.68,0.2
"c8.loc48",8,121519106,0.46,0.7,0.32,0.46,0.39,0.33,1.3,0.03,0.64,0.15
"c8.loc50",8,122582776,0.49,0.73,0.31,0.5,0.4,0.31,1.3,0.03,0.6,0.11
"c8.loc52",8,124824855,0.52,0.75,0.31,0.54,0.4,0.29,1.28,0.02,0.56,0.08
"D8Mit121",8,126419338,0.54,0.77,0.31,0.57,0.4,0.27,1.27,0.02,0.54,0.06
"D9Mit64",9,28399077,0.12,0.23,0.22,0.36,0.54,0.44,0.09,0.2,0.41,0.65
"c9.loc2",9,30589668,0.04,0.21,0.18,0.38,0.52,0.44,0.04,0.17,0.36,0.62
"c9.loc4",9,34269418,0.01,0.24,0.19,0.44,0.47,0.43,0.03,0.16,0.37,0.58
"c9.loc6",9,35430056,0.05,0.32,0.27,0.54,0.41,0.39,0.08,0.15,0.46,0.55
"c9.loc8",9,40993298,0.16,0.44,0.38,0.66,0.34,0.33,0.19,0.15,0.61,0.51
"c9.loc10",9,43311601,0.31,0.56,0.51,0.79,0.28,0.26,0.32,0.16,0.8,0.48
"c9.loc12",9,48020277,0.47,0.66,0.63,0.9,0.22,0.18,0.47,0.17,1.01,0.45
"D9Mit229",9,49349351,0.51,0.67,0.65,0.93,0.21,0.16,0.5,0.18,1.05,0.44
"c9.loc14",9,51324635,0.51,0.71,0.66,0.91,0.22,0.17,0.56,0.18,0.98,0.39
"c9.loc16",9,56722643,0.5,0.74,0.65,0.86,0.24,0.18,0.63,0.19,0.88,0.32
"c9.loc18",9,59795100,0.48,0.75,0.61,0.78,0.25,0.18,0.68,0.21,0.77,0.24
"c9.loc20",9,63716036,0.43,0.72,0.55,0.68,0.26,0.19,0.71,0.23,0.65,0.16
"c9.loc22",9,66999335,0.38,0.67,0.47,0.58,0.27,0.2,0.72,0.25,0.52,0.09
"c9.loc24",9,68842557,0.32,0.6,0.37,0.48,0.29,0.2,0.69,0.26,0.4,0.03
"c9.loc26",9,73095108,0.28,0.51,0.27,0.4,0.31,0.21,0.64,0.27,0.28,0.01
"c9.loc28",9,75722172,0.25,0.42,0.18,0.37,0.32,0.21,0.58,0.28,0.18,0.02
"c9.loc30",9,80956766,0.25,0.34,0.11,0.37,0.34,0.21,0.51,0.28,0.1,0.06
"c9.loc32",9,85589870,0.28,0.27,0.06,0.41,0.36,0.2,0.44,0.27,0.05,0.13
"c9.loc34",9,92179673,0.32,0.21,0.04,0.47,0.38,0.2,0.38,0.27,0.02,0.22
"c9.loc36",9,96243790,0.38,0.18,0.03,0.56,0.39,0.2,0.34,0.26,0.01,0.31
"D9Mit136",9,98792596,0.41,0.17,0.04,0.6,0.4,0.19,0.32,0.26,0.01,0.36
"D10Mit188",10,14716624,0.26,0.2,0.15,0.18,0.23,0.2,0.76,0.68,0.56,0.47
"c10.loc2",10,17916571,0.34,0.26,0.18,0.2,0.3,0.24,0.88,0.54,0.8,0.38
"c10.loc4",10,19714837,0.35,0.25,0.17,0.16,0.31,0.26,0.72,0.25,0.93,0.29
"D10Mit16",10,21435320,0.34,0.24,0.16,0.15,0.31,0.26,0.68,0.22,0.94,0.27
"c10.loc6",10,24005225,0.36,0.26,0.16,0.16,0.34,0.3,0.7,0.22,0.95,0.27
"c10.loc8",10,25925326,0.39,0.28,0.16,0.16,0.37,0.34,0.73,0.22,0.96,0.27
"c10.loc10",10,28040510,0.42,0.3,0.15,0.15,0.4,0.38,0.75,0.22,0.96,0.27
"c10.loc12",10,31329593,0.45,0.32,0.14,0.15,0.43,0.43,0.77,0.2,0.94,0.27
"c10.loc14",10,36946931,0.48,0.34,0.13,0.14,0.45,0.47,0.78,0.18,0.89,0.26
"c10.loc16",10,39778298,0.52,0.37,0.13,0.13,0.46,0.5,0.79,0.14,0.82,0.25
"c10.loc18",10,45115641,0.55,0.4,0.13,0.12,0.46,0.52,0.81,0.11,0.74,0.24
"c10.loc20",10,51217270,0.59,0.43,0.14,0.11,0.44,0.52,0.84,0.07,0.64,0.23
"c10.loc22",10,53864741,0.63,0.47,0.15,0.1,0.42,0.52,0.89,0.04,0.54,0.22
"c10.loc24",10,58754317,0.67,0.51,0.18,0.09,0.39,0.5,0.94,0.02,0.45,0.21
"c10.loc26",10,60222600,0.7,0.55,0.21,0.08,0.36,0.49,1.01,0.01,0.37,0.2
"c10.loc28",10,63840292,0.73,0.59,0.24,0.07,0.33,0.47,1.07,0,0.3,0.18
"D10Mit15",10,66475237,0.75,0.61,0.26,0.06,0.31,0.45,1.11,0,0.26,0.18
"c10.loc30",10,68033717,0.72,0.55,0.2,0.04,0.25,0.37,1.06,0,0.33,0.22
"c10.loc32",10,72663912,0.54,0.32,0.06,0.01,0.12,0.17,0.74,0,0.51,0.35
"D10Mit186",10,75144245,0.44,0.21,0.02,0.01,0.09,0.12,0.54,0.01,0.55,0.38
"c10.loc34",10,76115932,0.44,0.21,0.03,0.01,0.1,0.13,0.55,0.01,0.54,0.4
"c10.loc36",10,83982730,0.45,0.21,0.03,0.01,0.11,0.15,0.58,0.01,0.5,0.43
"c10.loc38",10,86529248,0.46,0.21,0.04,0.02,0.15,0.19,0.6,0.02,0.47,0.47
"c10.loc40",10,90532227,0.46,0.21,0.05,0.03,0.19,0.25,0.61,0.04,0.43,0.51
"c10.loc42",10,92408497,0.45,0.21,0.06,0.05,0.25,0.32,0.61,0.05,0.39,0.57
"c10.loc44",10,95223253,0.44,0.22,0.08,0.08,0.32,0.39,0.6,0.07,0.35,0.66
"c10.loc46",10,100105575,0.41,0.23,0.1,0.1,0.38,0.47,0.58,0.09,0.32,0.79
"c10.loc48",10,101547016,0.38,0.25,0.11,0.13,0.44,0.53,0.56,0.12,0.28,0.95
"c10.loc50",10,106140605,0.35,0.27,0.14,0.15,0.49,0.59,0.53,0.16,0.26,1.13
"c10.loc52",10,109705332,0.32,0.29,0.16,0.17,0.53,0.64,0.5,0.21,0.24,1.31
"D10Mit73",10,111169429,0.29,0.31,0.18,0.18,0.56,0.67,0.47,0.26,0.22,1.46
"D11Mit71",11,6830529,0.13,0.95,0.67,0.19,0.59,0.58,2.05,0.12,0.14,0.16
"c11.loc2",11,11109776,0.08,0.87,0.59,0.12,0.45,0.47,2.14,0.21,0.13,0.35
"c11.loc4",11,15176242,0.05,0.77,0.5,0.07,0.32,0.36,2.17,0.34,0.15,0.64
"c11.loc6",11,18342592,0.03,0.66,0.4,0.03,0.21,0.26,2.15,0.48,0.2,0.98
"c11.loc8",11,19753412,0.02,0.55,0.31,0.01,0.12,0.18,2.08,0.63,0.3,1.29
"c11.loc10",11,24259733,0.02,0.43,0.23,0.02,0.06,0.12,1.96,0.77,0.43,1.53
"D11Mit19",11,25386775,0.02,0.39,0.21,0.02,0.05,0.11,1.92,0.81,0.48,1.59
"c11.loc12",11,29356919,0.02,0.36,0.21,0.03,0.07,0.14,1.89,0.77,0.52,1.69
"c11.loc14",11,31848738,0.02,0.32,0.22,0.04,0.12,0.2,1.82,0.7,0.59,1.8
"c11.loc16",11,35076687,0.02,0.27,0.24,0.08,0.18,0.27,1.74,0.61,0.66,1.85
"c11.loc18",11,36865418,0.01,0.22,0.25,0.13,0.26,0.34,1.62,0.51,0.73,1.82
"c11.loc20",11,41596943,0.01,0.17,0.26,0.19,0.34,0.41,1.49,0.42,0.79,1.69
"c11.loc22",11,44466876,0.01,0.13,0.28,0.26,0.43,0.47,1.33,0.34,0.83,1.49
"c11.loc24",11,48551291,0.01,0.1,0.29,0.34,0.5,0.52,1.17,0.28,0.86,1.23
"c11.loc26",11,50334946,0.01,0.07,0.31,0.4,0.55,0.54,1,0.25,0.88,0.97
"D11Mit310",11,54416399,0.01,0.06,0.32,0.44,0.58,0.55,0.88,0.23,0.89,0.8
"c11.loc28",11,55116164,0.02,0.04,0.29,0.43,0.58,0.56,0.85,0.29,0.94,0.78
"c11.loc30",11,56904944,0.05,0.01,0.19,0.36,0.57,0.6,0.68,0.5,1.03,0.68
"c11.loc32",11,58910070,0.09,0.01,0.09,0.25,0.51,0.58,0.49,0.69,1.01,0.54
"c11.loc34",11,62586865,0.15,0.07,0.03,0.14,0.42,0.52,0.32,0.85,0.92,0.4
"D11Mit5",11,66577014,0.22,0.18,0.03,0.06,0.39,0.48,0.24,0.98,0.84,0.29
"c11.loc36",11,67108864,0.23,0.18,0.02,0.06,0.38,0.47,0.24,0.97,0.84,0.29
"c11.loc38",11,69288992,0.26,0.17,0.01,0.04,0.29,0.4,0.25,0.79,0.78,0.35
"c11.loc40",11,72661206,0.28,0.15,0,0.02,0.21,0.31,0.26,0.58,0.7,0.43
"c11.loc42",11,77404505,0.3,0.13,0.01,0.02,0.13,0.23,0.27,0.39,0.62,0.5
"c11.loc44",11,80917659,0.31,0.11,0.03,0.02,0.07,0.16,0.27,0.23,0.53,0.58
"c11.loc46",11,83351949,0.31,0.09,0.06,0.05,0.05,0.11,0.28,0.12,0.46,0.66
"D11Mit120",11,83403987,0.31,0.08,0.06,0.05,0.04,0.11,0.28,0.12,0.46,0.67
"D11Mit326",11,83627125,0.57,0.15,0,0.01,0.11,0.18,0.07,0.3,0.68,0.44
"c11.loc48",11,88290784,0.55,0.1,0,0.01,0.08,0.15,0.08,0.28,0.53,0.43
"D11Mit179",11,89687309,0.49,0.05,0.01,0.01,0.05,0.11,0.08,0.24,0.33,0.41
"c11.loc50",11,89842240,0.49,0.05,0.01,0.01,0.05,0.11,0.08,0.24,0.33,0.41
"c11.loc52",11,92163866,0.57,0.09,0.02,0.03,0.02,0.08,0.08,0.22,0.27,0.47
"c11.loc54",11,93212301,0.68,0.16,0.05,0.1,0.01,0.05,0.09,0.2,0.23,0.53
"c11.loc56",11,96903584,0.81,0.25,0.09,0.22,0.03,0.02,0.09,0.17,0.22,0.57
"c11.loc58",11,98699612,0.93,0.35,0.15,0.38,0.08,0.01,0.1,0.14,0.22,0.6
"c11.loc60",11,101185795,1.01,0.44,0.21,0.53,0.14,0.02,0.11,0.11,0.24,0.61
"D11Mit125",11,101426143,1.03,0.47,0.23,0.58,0.17,0.02,0.11,0.1,0.25,0.61
"c11.loc62",11,102832468,1,0.49,0.24,0.6,0.18,0.04,0.15,0.16,0.37,0.64
"c11.loc64",11,105118428,0.91,0.5,0.26,0.59,0.19,0.06,0.21,0.31,0.55,0.66
"c11.loc66",11,107789456,0.8,0.48,0.27,0.57,0.21,0.1,0.27,0.52,0.7,0.66
"c11.loc68",11,109698559,0.66,0.42,0.27,0.52,0.22,0.15,0.3,0.76,0.77,0.65
"D11Mit100",11,110199656,0.6,0.39,0.26,0.5,0.23,0.17,0.3,0.86,0.77,0.64
"D12Mit46",12,35725783,0.94,1.22,0.81,0.88,0.78,0.66,0.61,0.65,0.55,2.28
"c12.loc2",12,38799110,1.09,1.29,0.87,0.94,0.86,0.69,0.62,0.57,0.52,2.53
"c12.loc4",12,45187103,1.24,1.39,0.95,1.01,0.96,0.76,0.64,0.48,0.49,2.72
"c12.loc6",12,48786117,1.39,1.5,1.05,1.1,1.1,0.84,0.69,0.4,0.48,2.83
"c12.loc8",12,55933377,1.53,1.62,1.16,1.19,1.27,0.95,0.77,0.33,0.49,2.85
"c12.loc10",12,59380473,1.65,1.73,1.27,1.29,1.44,1.07,0.86,0.27,0.53,2.79
"D12Mit36",12,62058997,1.69,1.77,1.3,1.33,1.51,1.12,0.89,0.26,0.56,2.75
"c12.loc12",12,67610694,1.71,1.67,1.24,1.31,1.41,1.04,0.85,0.26,0.54,2.88
"c12.loc14",12,72661990,1.7,1.48,1.11,1.27,1.23,0.9,0.76,0.25,0.51,3.09
"c12.loc16",12,74916188,1.63,1.25,0.96,1.19,1.03,0.76,0.65,0.23,0.45,3.25
"c12.loc18",12,77391824,1.51,1.01,0.78,1.09,0.84,0.62,0.52,0.21,0.39,3.36
"c12.loc20",12,80547454,1.32,0.76,0.6,0.94,0.66,0.5,0.39,0.18,0.32,3.42
"c12.loc22",12,82533735,1.09,0.53,0.44,0.78,0.52,0.4,0.26,0.15,0.26,3.42
"c12.loc24",12,86740631,0.85,0.35,0.31,0.62,0.4,0.33,0.16,0.12,0.21,3.36
"c12.loc26",12,88787186,0.63,0.23,0.22,0.47,0.33,0.28,0.09,0.1,0.19,3.27
"c12.loc28",12,90878129,0.45,0.17,0.16,0.36,0.28,0.26,0.04,0.07,0.19,3.14
"D12Mit194",12,92537955,0.4,0.16,0.15,0.33,0.27,0.25,0.04,0.07,0.19,3.09
"c12.loc30",12,95866045,0.48,0.2,0.22,0.45,0.36,0.33,0.06,0.1,0.2,3.05
"c12.loc32",12,98786895,0.63,0.3,0.38,0.69,0.54,0.47,0.13,0.16,0.25,2.97
"c12.loc34",12,99299783,0.83,0.44,0.62,0.98,0.77,0.67,0.22,0.26,0.32,2.87
"c12.loc36",12,103796995,1.04,0.6,0.91,1.25,1.02,0.88,0.35,0.4,0.44,2.77
"c12.loc38",12,105459389,1.22,0.76,1.18,1.44,1.23,1.05,0.47,0.55,0.56,2.67
"c12.loc40",12,106737321,1.34,0.88,1.41,1.55,1.35,1.16,0.57,0.72,0.68,2.58
"c12.loc42",12,108204285,1.39,0.96,1.56,1.57,1.38,1.18,0.65,0.87,0.78,2.47
"c12.loc44",12,110108989,1.4,0.99,1.66,1.55,1.34,1.16,0.69,1,0.86,2.33
"D12Mit141",12,111741350,1.39,1,1.68,1.53,1.31,1.13,0.71,1.05,0.89,2.25
"D13Mit55",13,9725390,0.05,0.06,0.2,0.14,1.85,2.45,0.11,0.35,0.1,0.1
"c13.loc2",13,15942801,0.03,0.05,0.16,0.12,1.78,2.38,0.12,0.31,0.1,0.09
"c13.loc4",13,21369014,0.02,0.04,0.13,0.1,1.72,2.3,0.14,0.27,0.1,0.07
"c13.loc6",13,23546288,0.01,0.03,0.1,0.09,1.64,2.2,0.17,0.23,0.1,0.06
"c13.loc8",13,26184213,0.01,0.02,0.08,0.07,1.56,2.1,0.22,0.18,0.1,0.05
"c13.loc10",13,32798765,0.02,0.02,0.07,0.05,1.47,1.99,0.27,0.14,0.09,0.03
"c13.loc12",13,37547478,0.03,0.02,0.08,0.04,1.38,1.86,0.34,0.1,0.09,0.02
"c13.loc14",13,37892221,0.05,0.02,0.1,0.03,1.28,1.73,0.42,0.07,0.09,0.01
"c13.loc16",13,40443593,0.07,0.03,0.14,0.02,1.17,1.6,0.51,0.05,0.09,0.01
"c13.loc18",13,44965668,0.11,0.04,0.19,0.01,1.07,1.46,0.6,0.04,0.08,0
"c13.loc20",13,46557465,0.15,0.05,0.26,0,0.97,1.32,0.69,0.04,0.08,0
"c13.loc22",13,50512423,0.2,0.07,0.32,0,0.88,1.19,0.77,0.04,0.07,0
"c13.loc24",13,53535545,0.25,0.08,0.38,0,0.79,1.07,0.84,0.05,0.07,0.01
"c13.loc26",13,54962050,0.3,0.1,0.44,0,0.7,0.96,0.91,0.06,0.06,0.01
"c13.loc28",13,59432093,0.35,0.12,0.5,0,0.62,0.85,0.97,0.08,0.06,0.02
"c13.loc30",13,64896166,0.41,0.13,0.54,0,0.54,0.75,1.02,0.09,0.05,0.02
"c13.loc32",13,70252373,0.46,0.15,0.58,0,0.46,0.67,1.07,0.1,0.04,0.02
"c13.loc34",13,71396053,0.51,0.16,0.62,0.01,0.4,0.58,1.11,0.11,0.04,0.03
"c13.loc36",13,73475954,0.56,0.18,0.64,0.01,0.34,0.51,1.14,0.11,0.04,0.03
"c13.loc38",13,80035968,0.6,0.19,0.67,0.01,0.28,0.44,1.17,0.12,0.04,0.03
"c13.loc40",13,83917502,0.64,0.2,0.69,0.02,0.23,0.39,1.2,0.13,0.04,0.03
"c13.loc42",13,90430456,0.67,0.22,0.7,0.02,0.19,0.34,1.23,0.14,0.04,0.03
"D13Mit202",13,91767377,0.7,0.23,0.71,0.03,0.16,0.3,1.25,0.14,0.05,0.03
"c13.loc44",13,93254074,0.7,0.22,0.69,0.03,0.16,0.29,1.24,0.13,0.05,0.03
"c13.loc46",13,96297313,0.65,0.17,0.5,0.07,0.17,0.25,1.12,0.07,0.1,0.04
"c13.loc48",13,98824183,0.6,0.15,0.34,0.21,0.23,0.24,0.97,0.03,0.16,0.06
"c13.loc50",13,102029774,0.54,0.17,0.22,0.44,0.36,0.26,0.82,0.02,0.23,0.09
"c13.loc52",13,103967664,0.46,0.21,0.16,0.72,0.54,0.32,0.66,0.04,0.3,0.13
"c13.loc54",13,107098491,0.37,0.26,0.14,1,0.74,0.41,0.5,0.09,0.35,0.18
"c13.loc56",13,109941890,0.27,0.31,0.15,1.22,0.93,0.52,0.35,0.17,0.37,0.23
"D13Mit130",13,111063244,0.19,0.36,0.18,1.37,1.09,0.63,0.23,0.25,0.39,0.28
"c13.loc58",13,111076588,0.19,0.36,0.18,1.38,1.1,0.63,0.23,0.25,0.39,0.28
"c13.loc60",13,112738335,0.19,0.49,0.34,1.73,1.35,0.82,0.2,0.41,0.44,0.32
"c13.loc62",13,118237952,0.22,0.61,0.52,1.95,1.56,0.97,0.22,0.54,0.5,0.34
"D13Mit78",13,119867954,0.26,0.66,0.64,2.05,1.66,1.05,0.25,0.61,0.54,0.35
"D14Mit11",14,12284057,2.07,3,2.12,1.27,1.37,1.41,1.97,1.01,2.73,0.04
"c14.loc2",14,19910661,2.78,4.15,3.07,1.77,2.04,1.99,2.72,1.15,3.32,0.02
"c14.loc4",14,20459338,3.66,5.59,4.28,2.41,2.97,2.77,3.66,1.3,3.94,0.01
"c14.loc6",14,23345268,4.62,7.08,5.56,3.13,4.04,3.67,4.62,1.44,4.54,0
"c14.loc8",14,25099823,5.55,8.4,6.72,3.82,5.07,4.57,5.43,1.55,5.01,0.01
"c14.loc10",14,28137147,6.35,9.41,7.66,4.39,5.95,5.33,6,1.62,5.32,0.03
"c14.loc12",14,30752685,6.95,10.08,8.33,4.8,6.6,5.89,6.31,1.64,5.45,0.06
"c14.loc14",14,34267737,7.35,10.39,8.73,5.01,7.01,6.23,6.38,1.6,5.4,0.11
"c14.loc16",14,41340597,7.55,10.36,8.87,5.05,7.16,6.33,6.23,1.51,5.2,0.16
"c14.loc18",14,47432748,7.55,10.02,8.78,4.94,7.07,6.22,5.94,1.39,4.89,0.21
"c14.loc20",14,51594644,7.4,9.41,8.5,4.74,6.77,5.95,5.56,1.27,4.53,0.27
"D14Mit257",14,51870529,7.39,9.37,8.48,4.72,6.75,5.93,5.54,1.26,4.51,0.27
"c14.loc22",14,57212216,7.87,9.58,8.88,4.8,6.6,5.58,5.61,1.48,4.69,0.41
"c14.loc24",14,58276363,7.9,9.31,8.75,4.58,5.92,4.87,5.23,1.64,4.46,0.6
"c14.loc26",14,61851398,7.53,8.57,8.06,4.09,4.89,3.92,4.46,1.68,3.87,0.78
"c14.loc28",14,66017701,6.73,7.19,6.58,3.28,3.64,2.89,3.24,1.62,2.89,0.94
"D14Mit87",14,68215947,6.55,6.88,6.2,3.11,3.43,2.72,3.01,1.6,2.69,0.96
"c14.loc30",14,71005184,6.03,6.44,5.66,2.63,2.89,2.29,2.5,1.38,2.22,1.33
"c14.loc32",14,73295581,4.98,5.44,4.68,1.93,2.09,1.65,1.73,1.05,1.59,1.79
"c14.loc34",14,76443122,3.54,4.01,3.41,1.23,1.26,1,0.92,0.74,0.98,2.2
"c14.loc36",14,79441071,2.07,2.49,2.1,0.7,0.6,0.49,0.36,0.56,0.52,2.54
"D14Mit162",14,80327384,1.8,2.21,1.86,0.62,0.5,0.4,0.28,0.54,0.44,2.61
"c14.loc38",14,88740207,1.93,2.37,2.02,0.7,0.56,0.44,0.34,0.58,0.51,2.5
"c14.loc40",14,94659774,2.07,2.53,2.18,0.81,0.63,0.49,0.42,0.63,0.6,2.35
"c14.loc42",14,98278820,2.18,2.62,2.28,0.91,0.71,0.54,0.5,0.68,0.68,2.19
"c14.loc44",14,100107789,2.25,2.65,2.3,1,0.79,0.6,0.56,0.73,0.74,2.01
"c14.loc46",14,103811485,2.28,2.61,2.26,1.07,0.86,0.64,0.59,0.76,0.78,1.83
"c14.loc48",14,104926476,2.28,2.53,2.16,1.13,0.92,0.69,0.59,0.78,0.79,1.65
"D14Mit165",14,107090042,2.25,2.42,2.04,1.16,0.97,0.73,0.58,0.78,0.78,1.48
"D15Mit12",15,3160798,0.27,0.87,0.14,0.04,0.12,0.24,0.2,0.26,0.77,0.63
"c15.loc2",15,7763416,0.34,0.9,0.15,0.03,0.11,0.23,0.21,0.27,0.74,0.61
"c15.loc4",15,11727820,0.41,0.91,0.16,0.03,0.09,0.21,0.21,0.28,0.69,0.59
"c15.loc6",15,16382554,0.49,0.91,0.18,0.02,0.08,0.19,0.21,0.29,0.64,0.57
"c15.loc8",15,26398585,0.57,0.89,0.19,0.02,0.06,0.17,0.2,0.28,0.56,0.56
"c15.loc10",15,28399718,0.64,0.86,0.21,0.02,0.05,0.15,0.19,0.27,0.48,0.56
"c15.loc12",15,33472104,0.68,0.81,0.23,0.02,0.04,0.13,0.18,0.23,0.38,0.56
"c15.loc14",15,41101902,0.7,0.75,0.24,0.02,0.04,0.12,0.16,0.18,0.29,0.57
"c15.loc16",15,46564219,0.68,0.69,0.26,0.02,0.04,0.11,0.15,0.12,0.22,0.59
"c15.loc18",15,52085806,0.64,0.63,0.27,0.02,0.04,0.1,0.14,0.07,0.17,0.6
"c15.loc20",15,54706068,0.58,0.57,0.28,0.02,0.04,0.09,0.13,0.05,0.14,0.61
"D15Mit184",15,56068644,0.55,0.54,0.28,0.02,0.04,0.09,0.12,0.05,0.13,0.62
"c15.loc22",15,56934196,0.51,0.54,0.32,0.02,0.03,0.08,0.13,0.05,0.14,0.71
"c15.loc24",15,61360033,0.43,0.54,0.4,0.03,0.02,0.06,0.13,0.06,0.17,0.93
"c15.loc26",15,63614584,0.34,0.53,0.48,0.05,0.01,0.04,0.15,0.08,0.2,1.17
"c15.loc28",15,68416182,0.28,0.53,0.58,0.08,0.01,0.04,0.17,0.09,0.24,1.41
"c15.loc30",15,69190739,0.24,0.53,0.68,0.13,0.03,0.05,0.2,0.1,0.28,1.63
"c15.loc32",15,72452551,0.24,0.56,0.79,0.18,0.07,0.08,0.25,0.11,0.32,1.81
"c15.loc34",15,76214508,0.27,0.61,0.89,0.24,0.11,0.12,0.32,0.11,0.37,1.92
"c15.loc36",15,79422761,0.33,0.67,0.98,0.3,0.16,0.17,0.4,0.11,0.43,1.98
"c15.loc38",15,84247721,0.4,0.74,1.06,0.36,0.21,0.22,0.48,0.11,0.49,2
"D15Mit37",15,86427668,0.45,0.78,1.11,0.39,0.24,0.24,0.53,0.11,0.52,1.99
"c15.loc40",15,87213602,0.45,0.78,1.13,0.4,0.25,0.26,0.55,0.09,0.53,2.08
"c15.loc42",15,88263424,0.46,0.76,1.17,0.43,0.29,0.32,0.59,0.07,0.56,2.25
"c15.loc44",15,90755704,0.47,0.73,1.16,0.44,0.34,0.39,0.6,0.06,0.58,2.33
"c15.loc46",15,93491302,0.47,0.68,1.11,0.43,0.39,0.47,0.57,0.07,0.6,2.28
"c15.loc48",15,95131412,0.45,0.62,1.01,0.41,0.43,0.54,0.51,0.1,0.59,2.12
"c15.loc50",15,95943763,0.42,0.55,0.9,0.39,0.46,0.6,0.43,0.14,0.56,1.89
"c15.loc52",15,97636648,0.38,0.48,0.77,0.36,0.49,0.63,0.34,0.18,0.51,1.63
"D15Mit193",15,97772238,0.38,0.48,0.77,0.36,0.49,0.63,0.34,0.19,0.5,1.62
"D16Mit146",16,23736200,0.5,0.53,0.47,0.49,0.44,0.32,0.99,1.17,0.74,0.35
"c16.loc2",16,24948274,0.41,0.4,0.33,0.39,0.39,0.28,0.81,0.96,0.55,0.35
"c16.loc4",16,27097096,0.32,0.27,0.21,0.29,0.34,0.25,0.65,0.73,0.39,0.36
"c16.loc6",16,29597620,0.24,0.16,0.11,0.2,0.31,0.24,0.54,0.5,0.26,0.39
"c16.loc8",16,32420821,0.16,0.08,0.05,0.13,0.3,0.26,0.49,0.3,0.19,0.44
"c16.loc10",16,35150450,0.11,0.03,0.02,0.07,0.31,0.32,0.51,0.13,0.18,0.5
"c16.loc12",16,38284119,0.06,0.01,0.02,0.04,0.35,0.39,0.58,0.04,0.22,0.58
"c16.loc14",16,44362172,0.04,0,0.04,0.02,0.4,0.48,0.67,0,0.3,0.67
"c16.loc16",16,47944733,0.02,0.01,0.06,0.01,0.46,0.57,0.75,0.02,0.37,0.77
"c16.loc18",16,51660714,0.01,0.01,0.07,0.01,0.51,0.65,0.79,0.07,0.44,0.87
"D16Mit5",16,57773805,0.01,0.01,0.08,0.01,0.54,0.69,0.79,0.11,0.47,0.95
"D17Mit113",17,12172392,0.28,0.02,0.08,0.48,0.29,0.82,0.15,0.24,1.67,0.51
"c17.loc2",17,17840923,0.3,0,0.12,0.65,0.24,0.79,0.21,0.43,2,0.58
"c17.loc4",17,24055427,0.32,0.02,0.19,0.83,0.19,0.74,0.28,0.69,2.32,0.65
"c17.loc6",17,27602496,0.34,0.06,0.29,1.02,0.15,0.69,0.36,0.98,2.6,0.74
"c17.loc8",17,31481986,0.36,0.14,0.4,1.2,0.1,0.62,0.44,1.27,2.82,0.82
"c17.loc10",17,34690287,0.38,0.24,0.51,1.36,0.07,0.54,0.52,1.52,3,0.9
"c17.loc12",17,44137848,0.4,0.36,0.63,1.49,0.04,0.47,0.59,1.71,3.11,0.95
"c17.loc14",17,45357072,0.43,0.48,0.73,1.6,0.03,0.4,0.65,1.86,3.18,0.99
"D17Mit49",17,45448518,0.44,0.48,0.74,1.6,0.03,0.39,0.65,1.87,3.19,0.99
"c17.loc16",17,48592083,0.43,0.53,0.78,1.63,0.05,0.44,0.67,1.83,3.21,0.93
"c17.loc18",17,50789484,0.41,0.58,0.82,1.64,0.08,0.5,0.69,1.76,3.17,0.85
"c17.loc20",17,54240081,0.4,0.63,0.85,1.63,0.11,0.55,0.69,1.66,3.08,0.76
"c17.loc22",17,58161698,0.39,0.66,0.84,1.58,0.16,0.6,0.69,1.53,2.93,0.67
"c17.loc24",17,62083315,0.37,0.69,0.81,1.5,0.2,0.64,0.66,1.38,2.73,0.58
"c17.loc26",17,65104737,0.36,0.7,0.76,1.4,0.24,0.66,0.61,1.21,2.47,0.51
"c17.loc28",17,66734661,0.35,0.69,0.69,1.27,0.27,0.65,0.54,1.03,2.16,0.46
"c17.loc30",17,67239504,0.34,0.66,0.6,1.12,0.29,0.63,0.47,0.85,1.82,0.43
"c17.loc32",17,69499025,0.32,0.62,0.52,0.96,0.28,0.59,0.38,0.67,1.48,0.4
"c17.loc34",17,72031812,0.31,0.58,0.43,0.79,0.27,0.54,0.31,0.51,1.17,0.38
"c17.loc36",17,72457912,0.3,0.53,0.36,0.62,0.25,0.49,0.24,0.37,0.93,0.36
"D17Mit39",17,74933512,0.29,0.49,0.32,0.51,0.23,0.45,0.19,0.28,0.78,0.35
"c17.loc38",17,75380576,0.28,0.48,0.32,0.51,0.24,0.45,0.19,0.28,0.76,0.33
"c17.loc40",17,78672988,0.25,0.46,0.32,0.52,0.29,0.45,0.22,0.27,0.69,0.24
"c17.loc42",17,79619706,0.23,0.46,0.34,0.53,0.35,0.45,0.24,0.26,0.61,0.15
"c17.loc44",17,83188017,0.21,0.46,0.36,0.53,0.41,0.45,0.28,0.25,0.54,0.07
"c17.loc46",17,84051923,0.21,0.48,0.4,0.52,0.46,0.45,0.31,0.24,0.46,0.02
"c17.loc48",17,86170940,0.23,0.5,0.44,0.51,0.5,0.44,0.35,0.22,0.4,0
"c17.loc50",17,89018142,0.26,0.51,0.47,0.5,0.52,0.43,0.37,0.21,0.34,0.01
"c17.loc52",17,91097855,0.29,0.5,0.49,0.48,0.52,0.41,0.39,0.2,0.3,0.04
"D17Mit123",17,93598988,0.3,0.5,0.5,0.48,0.52,0.4,0.4,0.19,0.28,0.05
"D18Mit60",18,32648762,0.7,0.94,1.12,0.98,0.16,0.03,0.41,1.02,1.07,1.65
"c18.loc2",18,38304691,0.61,0.88,1,0.91,0.1,0.01,0.36,1.1,0.99,1.55
"c18.loc4",18,42049638,0.5,0.8,0.86,0.82,0.05,0.01,0.31,1.19,0.85,1.42
"c18.loc6",18,45298618,0.38,0.7,0.71,0.71,0.01,0.04,0.26,1.29,0.68,1.26
"c18.loc8",18,49219873,0.26,0.58,0.56,0.58,0,0.09,0.2,1.38,0.49,1.07
"c18.loc10",18,51318781,0.15,0.44,0.41,0.46,0.03,0.17,0.14,1.44,0.32,0.87
"c18.loc12",18,56079094,0.07,0.32,0.3,0.34,0.08,0.28,0.1,1.45,0.19,0.66
"c18.loc14",18,57555946,0.02,0.21,0.22,0.25,0.17,0.4,0.07,1.38,0.09,0.47
"c18.loc16",18,59421625,0,0.12,0.19,0.19,0.28,0.53,0.06,1.24,0.04,0.3
"D18Mit152",18,62040826,6.16E-005,0.1,0.19,0.17,0.33,0.57,0.06,1.18,0.03,0.25
"D19Mit68",19,3645232,0.43,0.09,0.1,0.19,0.27,0.37,0.21,0.45,0.38,0.68
"c19.loc2",19,8111385,0.37,0.09,0.17,0.25,0.38,0.51,0.25,0.52,0.39,0.65
"c19.loc4",19,11002139,0.32,0.09,0.28,0.31,0.54,0.71,0.3,0.61,0.39,0.61
"c19.loc6",19,14904464,0.29,0.09,0.41,0.36,0.71,0.92,0.34,0.7,0.37,0.56
"c19.loc8",19,16551165,0.27,0.1,0.54,0.38,0.86,1.1,0.38,0.78,0.32,0.49
"c19.loc10",19,19280319,0.26,0.11,0.64,0.37,0.95,1.22,0.4,0.82,0.26,0.42
"c19.loc12",19,21635276,0.25,0.11,0.69,0.33,1.01,1.3,0.42,0.81,0.2,0.35
"c19.loc14",19,22911367,0.23,0.11,0.69,0.28,1.04,1.35,0.42,0.76,0.14,0.29
"c19.loc16",19,24328172,0.21,0.11,0.66,0.23,1.07,1.39,0.41,0.68,0.11,0.23
"D19Mit30",19,26884637,0.2,0.1,0.61,0.18,1.1,1.45,0.4,0.59,0.1,0.19
"c19.loc18",19,26926993,0.2,0.1,0.61,0.18,1.11,1.45,0.4,0.59,0.1,0.19
"c19.loc20",19,28801132,0.22,0.14,0.58,0.2,1.15,1.52,0.47,0.71,0.06,0.19
"c19.loc22",19,30909719,0.25,0.18,0.56,0.23,1.19,1.59,0.54,0.84,0.04,0.2
"c19.loc24",19,32643695,0.29,0.23,0.54,0.27,1.22,1.64,0.64,0.99,0.02,0.22
"c19.loc26",19,34300795,0.32,0.29,0.53,0.34,1.25,1.68,0.75,1.13,0.01,0.24
"c19.loc28",19,36401464,0.36,0.37,0.53,0.42,1.27,1.7,0.88,1.25,0.01,0.26
"c19.loc30",19,38821315,0.38,0.44,0.53,0.5,1.27,1.7,1.01,1.33,0.04,0.28
"c19.loc32",19,41953589,0.39,0.51,0.53,0.57,1.26,1.67,1.13,1.37,0.07,0.3
"c19.loc34",19,44241624,0.4,0.58,0.53,0.64,1.22,1.62,1.25,1.36,0.12,0.3
"c19.loc36",19,47242057,0.39,0.63,0.54,0.69,1.16,1.55,1.34,1.33,0.18,0.29
"c19.loc38",19,48303927,0.38,0.67,0.55,0.72,1.09,1.46,1.41,1.28,0.24,0.26
"c19.loc40",19,49053581,0.36,0.7,0.56,0.75,1.01,1.36,1.46,1.22,0.32,0.24
"D13Mit221",19,50612755,0.35,0.73,0.58,0.77,0.95,1.28,1.48,1.18,0.38,0.21
"c19.loc42",19,51517630,0.32,0.7,0.56,0.75,0.93,1.27,1.46,1.18,0.37,0.2
"c19.loc44",19,53313848,0.16,0.54,0.42,0.62,0.81,1.22,1.33,1.2,0.35,0.13
"c19.loc46",19,54285127,0.05,0.4,0.3,0.48,0.66,1.13,1.17,1.19,0.33,0.06
"c19.loc48",19,55433228,0.02,0.31,0.23,0.35,0.52,1.02,0.99,1.14,0.32,0.01
"c19.loc50",19,57729271,0.06,0.28,0.21,0.24,0.41,0.91,0.81,1.07,0.31,0
"c19.loc52",19,59456577,0.15,0.31,0.24,0.18,0.35,0.82,0.65,0.99,0.3,0.03
"D19Mit71",19,59780807,0.19,0.33,0.26,0.16,0.34,0.79,0.58,0.95,0.3,0.06
"DXMit192",20,48229475,0.4,0.51,0.21,0.31,0.15,0.14,0.18,1.58,1.64,0.14
"cX.loc2",20,50833193,0.41,0.53,0.2,0.38,0.18,0.15,0.19,1.55,1.69,0.12
"cX.loc4",20,54662131,0.42,0.55,0.2,0.44,0.2,0.16,0.19,1.49,1.71,0.11
"cX.loc6",20,58164106,0.43,0.57,0.2,0.5,0.23,0.17,0.19,1.4,1.68,0.09
"cX.loc8",20,67093645,0.44,0.6,0.21,0.54,0.25,0.18,0.19,1.28,1.61,0.08
"DXMit119",20,69655736,0.44,0.62,0.21,0.56,0.26,0.18,0.19,1.17,1.51,0.07
"cX.loc10",20,71330127,0.48,0.65,0.22,0.59,0.25,0.17,0.2,1.17,1.54,0.07
"cX.loc12",20,83486568,0.61,0.74,0.29,0.68,0.22,0.13,0.23,1.14,1.63,0.1
"cX.loc14",20,92014032,0.74,0.81,0.35,0.72,0.17,0.09,0.27,1.02,1.64,0.12
"cX.loc16",20,97579803,0.85,0.83,0.39,0.71,0.13,0.06,0.29,0.84,1.55,0.14
"cX.loc18",20,99968441,0.93,0.79,0.4,0.65,0.09,0.03,0.32,0.63,1.4,0.15
"DXMit95a",20,100249948,0.93,0.79,0.4,0.64,0.08,0.03,0.32,0.62,1.38,0.15
